977 North Point Street,-122.423183959184,37.8052633877551
295 Orizaba Avenue,-122.462700111111,37.7141915555556
45 Castro Street,-122.43564175,37.76857
425 Hayes Street,-122.423442673469,37.776741122449
806 South Van Ness Avenue,-122.417109979592,37.7601549183673
55 2nd Street,-122.4002796,37.7885908
1079 Lombard Street,-122.4188091,37.802076
4 The Embarcadero,-122.388111744898,37.7869642755102
1520 South Van Ness Avenue,-122.416034346939,37.7489085102041
2 The Embarcadero,-122.388110581633,37.7869760918367
5 The Embarcadero,-122.388112326531,37.7869583673469
1160 South Van Ness Avenue,-122.416578795918,37.7546100204082
1079 Lombard Street,-122.4188091,37.802076
1000 South Van Ness Avenue,-122.416812,37.757038
84 9th Street,-122.414951020833,37.7763063541667
401 Judah Street,-122.466327,37.762082
1 The Embarcadero,-122.38811,37.786982
1352 9th Avenue,-122.466139040816,37.7630610612245
1000 South Van Ness Avenue,-122.416812,37.757038
321 West Portal Ave,-122.469323961952,37.7375641660628
22 4th Street,-122.4051953,37.7850265
500 504,-122.4051953,37.7850265
1079 Lombard Street,-122.4188091,37.802076
1079 Lombard Street,-122.4188091,37.802076
2 The Embarcadero,-122.388110581633,37.7869760918367
205 Frederick Street,-122.4465582,37.7671121
814 Irving Street,-122.466580714286,37.7641072857143
4 The Embarcadero,-122.388111744898,37.7869642755102
1 Bush Street,-122.400122659705,37.7909419
711 Market Street,-122.403713,37.7873030526316
1 Bush Street,-122.400122659705,37.7909419
1079 Lombard Street,-122.4188091,37.802076
839 Clay Street,-122.407062,37.7940933
1443 Lombard Street,-122.425281428571,37.8011154285714
75 1st Street,-122.3979063,37.7902319
108 Carl Street,-122.45031008,37.7658388
10 4th Street,-122.4056288,37.785398
64 6th Street,-122.409209,37.781252
1 Polk Street,-122.4180548,37.7768129
1977 Union Street,-122.431926,37.7974586470588
71 5th Street,-122.406804822222,37.7831066
1070 South Van Ness Avenue,-122.416719142857,37.7560715714286
747 South Van Ness Avenue,-122.417002979592,37.7612149795918
800 South Van Ness Avenue,-122.417118,37.760238
384 Hayes Street,-122.422648571429,37.777009
83 9th Street,-122.415094555556,37.7766534444444
800 South Van Ness Avenue,-122.417118,37.760238
1345 South Van Ness Avenue,-122.416090285714,37.7516471836735
301 Executive Park Boulevard,-122.391925468049,37.711365746276
670 Commercial Street,-122.404184571429,37.7941654285714
242 Gough Street,-122.422635285714,37.7757158571429
28 6th Street,-122.409897,37.781741
