2449 23rd St SF CA,-122.403988857143,37.7543434081633
498 9th SF CA,-122.4087586,37.7713064
909 Grant Ave SF CA,-122.406613368069,37.795304999856
888 Stockton St SF CA,-122.407763040816,37.7938858979592
1001 South Van Ness Ave SF CA,-122.4165149,37.7570488
876 Geary St SF CA,-122.4176924,37.7862682
Off The Grid SF CA,-122.4314265,37.806651
24 WILLIE MAYS PLAZA SF CA,-122.390267454256,37.7786119
726 Clement St SF CA,-122.466924306122,37.782915244898
1039 Stockton St SF CA,-122.4083382,37.7954481
200 Pine St SF CA,-122.4000677,37.792333
2066 Chestnut St SF CA,-122.437619294118,37.8007269411765
346 Kearny St SF CA,-122.4040574,37.7914507
500 Parnassus Ave SF CA,-122.458144084127,37.76366725
655 Ellis St SF CA,-122.417005714739,37.7841245
2301 Market St SF CA,-122.3987948,37.7913412
2444 Noriega St SF CA,-122.489828918367,37.7537341836735
142 McAllister St SF CA,-122.414417167476,37.7809156390397
2740 Mission St SF CA,-122.4291725,37.7308875
2348 Mission Street SF CA,-122.4291725,37.7308875
24 WILLIE MAYS PLAZA SF CA,-122.390267454256,37.7786119
2800 California SF CA,-61.5489544,-32.5446227
813 Cortland Ave SF CA,-122.414375918367,37.7389780612245
1170 Powell St SF CA,-122.409735428571,37.7953255714286
129 Ellis St SF CA,-122.4081273125,37.7853733958333
1400 California St SF CA,-122.4176119,37.7911209
1896 Hyde St SF CA,-122.4187012,37.7981431
4036 Balboa St SF CA,-122.5022213,37.775622
1051 Market St SF CA,-122.4111553,37.7811845
2339 Noriega St SF CA,-122.488704428571,37.7536192040816
45 CONKLING St SF CA,-122.40178081216,37.735678938718
5937 Geary Blvd SF CA,-122.4255764,37.7851991
2460 San Bruno Ave SF CA,-122.405061526316,37.730914
200 Columbus St SF CA,-122.4088136,37.7994755
977 A North Point St SF CA,-122.423183959184,37.8052633877551
275 Battery St SF CA,-122.400214292683,37.7939413414634
24 Willie Mays Plaza SF CA,-122.390267454256,37.7786119
135 4th St SF CA,-122.4035628,37.7841847
24 WILLIE MAYS PLAZA SF CA,-122.390267454256,37.7786119
1355 Market St SF CA,-122.4167923,37.7767817
1548 Ocean Ave SF CA,-122.4514762,37.7229098
4683 Mission St SF CA,-122.435675076923,37.7233677692308
1101 Stockton St SF CA,-122.40838,37.795933
958 Illinois St SF CA,-122.387592333333,37.7597453838384
2331 Chestnut St SF CA,-122.441710636423,37.79976935
34 Mason St SF CA,-122.4090957,37.7839535
123 2nd St SF CA,-122.3992384,37.787747
1101 Grant Ave SF CA,-122.406956,37.797011
1117 Stockton St SF CA,-122.408401061224,37.7960368367347
210 Columbus Ave SF CA,-122.405721,37.7973738
1408 Clement St SF CA,-122.474409784927,37.78270885
1249 Stockton St SF CA,-122.4087165,37.7973422
2404 California St SF CA,-122.3975149,37.7935273
5601 Geary Blvd SF CA,-122.4255764,37.7851991
1060 Hyde St SF CA,-122.417196847208,37.7907646
4517 3rd St SF CA,-122.3980895,37.7179914
401 13th St SF CA,-122.4176974,37.7698728
2794 California St SF CA,-122.3975149,37.7935273
720 Market St SF CA,-122.4040444,37.7875018
2049 Fillmore St SF CA,-122.433844530612,37.7884077346939
153 Bacon St SF CA,-122.404083081633,37.7274198979592
782 ARGUELLO Blvd SF CA,-122.458145077458,37.7756674
925 Larkin St SF CA,-122.4183401,37.7864812
507 Columbus Ave SF CA,-122.409379625,37.7996333125
1919 Ocean Ave SF CA,-122.4514762,37.7229098
488 Haight St SF CA,-122.4301679,37.7722572
510 Stevenson St SF CA,-122.410297416667,37.781397875
3193 Mission St SF CA,-122.419510285653,37.745701
1362 Stockton St SF CA,-122.4086479,37.798473
3985 17th St SF CA,-122.409393,37.764369
1426 Polk St SF CA,-122.4204295,37.7898264
24 Willie Mays Plaza SF CA,-122.390267454256,37.7786119
3331 24th St SF CA,-122.4192217,37.7521067
998 Market St SF CA,-122.408652,37.783701
1608 Polk St SF CA,-122.4207897,37.7916997
1233 Van Ness Ave SF CA,-122.4219217,37.7871652
295 B Orizaba Ave SF CA,-122.462700111111,37.7141915555556
1740 fillmore St SF CA,-122.4330789,37.7858012
2026 Mission St SF CA,-122.4198001,37.7645082
222 Sutter St SF CA,-122.4043927,37.7898892
120 Pine St SF CA,-122.398935142857,37.7924473469388
Off The Grid SF CA,-122.4314265,37.806651
3348 Steiner St SF CA,-122.4376967,37.8003743
205 Franklin St SF CA,-122.421279,37.7763008571429
2893 Mission St SF CA,-122.4291725,37.7308875
Pier 41 SF CA,-122.4118509,37.8094742
Pier 39  B-4 SF CA,-122.4102693,37.8097913
24 WILLIE MAYS PLAZA SF CA,-122.390267454256,37.7786119
1019 Market St SF CA,-122.3987948,37.7913412
2550 Van Ness Ave SF CA,-122.423598900657,37.7992719
416 Bay St SF CA,-122.413990979592,37.8056533877551
1801 San Jose Ave SF CA,-122.439962714883,37.72872525
2500 Mason St SF CA,-122.412906735295,37.80720475
4929 Mission St SF CA,-122.4387425,37.71968116
3619 Balboa St SF CA,-122.497712516818,37.77551975
900 22nd St SF CA,-122.390405138951,37.7580008
24 WILLIE MAYS PLAZA SF CA,-122.390267454256,37.7786119
448 Cortland Ave SF CA,-122.416667490123,37.7388951
24 Willie Mays Plaza SF CA,-122.390267454256,37.7786119
324 South Van Ness Ave SF CA,-122.417860673469,37.7679444081633
2848 23rd St SF CA,-122.3977349,37.7548294
2541 San Bruno Ave SF CA,-122.404174368421,37.7292833684211
1350 7th Ave SF CA,-122.463808853393,37.76322315
3047 Mission St SF CA,-122.4179361,37.7484306
3226 Mission St. SF CA,-122.4204147,37.745108
561 Columbus Ave SF CA,-122.4117915,37.8014527
31 Cambon Dr SF CA,-122.4741777,37.7161371
2205 Lombard St SF CA,-122.437891369802,37.79943465
28 Leland Ave SF CA,-122.404199578947,37.711472
1851 Noriega St SF CA,-122.483771553366,37.75363825
5200 Geary Blvd SF CA,-122.4255764,37.7851991
235 2nd St SF CA,-122.3970647,37.78650165
600 Monterey Blvd SF CA,-122.449022,37.73166
845 Market St SF CA,-122.4056313,37.7837394
24 WILLIE MAYS PLAZA SF CA,-122.390267454256,37.7786119
299 Ellis St SF CA,-122.410991,37.784989
24 Willie Mays Pl SF CA,-122.390267454256,37.7786119
2191 Irving St SF CA,-122.4812586,37.763245
312 West Portal Ave SF CA,-122.4694947,37.7378581
920 Geary St SF CA,-122.418532285714,37.7861285102041
5251 3rd St. SF CA,-122.3980895,37.7179914
1000 Guerrero St SF CA,-122.423323,37.755037
2227 Irving St SF CA,-122.4819302,37.7632294
4001 Judah St SF CA,-122.5050056,37.7603503
3528 Balboa St SF CA,-122.4968305,37.7758676
896 Sutter St SF CA,-122.4150968,37.7885138
79 Sansome St SF CA,-122.400792833333,37.7908990833333
24 Willie Mays Pl SF CA,-122.390267454256,37.7786119
2500 Bryant St SF CA,-122.4094389,37.7543188
4419 California St SF CA,-122.3975149,37.7935273
1924 IRVING St SF CA,-122.4787161,37.7636241
570 Green St SF CA,-122.4086348,37.7996982
Off the Grid SF CA,-122.4314265,37.806651
24 WILLIE MAYS PLAZA SF CA,-122.390267454256,37.7786119
Off The Grid SF CA,-122.4314265,37.806651
1552 Polk St SF CA,-122.4207322,37.7914134
366 Golden Gate Ave SF CA,-122.416927796178,37.7815580458336
1416 Bush St SF CA,-122.4206788,37.7887695
1836 Divisadero St SF CA,-122.4375842,37.7740774
444 Battery St SF CA,-122.400283105263,37.7953178947368
24 WILLIE MAYS PLAZA SF CA,-122.390267454256,37.7786119
2295 Market St SF CA,-122.3987948,37.7913412
1035 Fillmore SF CA,-122.433462324526,37.7871421
3052 16th St SF CA,-122.389086,37.7668962
87 6th St SF CA,-122.408835571429,37.781189
423 Bush St SF CA,-122.404573777778,37.7906076666667
413 10th St SF CA,-122.410688802627,37.77147015
752 Van Ness Ave SF CA,-122.4194251,37.7764673
Off The Grid SF CA,-122.4314265,37.806651
1650 Holloway Ave SF CA,-122.4788561,37.7221622
3088 Balboa St SF CA,-122.491732142857,37.7760525714286
2520 San Bruno Ave SF CA,-122.404562979592,37.7296966530612
1005 Guerrero St SF CA,-122.423316061224,37.7549679183673
1548 Stockton St SF CA,-122.408999,37.8000761
905 California St SF CA,-122.409362693878,37.7919351020408
1551 Dolores St SF CA,-122.4242579,37.7445388
1753 Taraval St SF CA,-122.484817265306,37.7425664897959
613 Faxon Ave SF CA,-122.460049555227,37.724945544972
3755 Noriega St SF CA,-122.5041626,37.7528467
602 Eddy St SF CA,-122.417726443953,37.7833694704627
937 Harrison St SF CA,-122.3909717,37.7876431
3836 Geary Blvd SF CA,-122.4255764,37.7851991
1335 Powell St SF CA,-122.4103191,37.7970275
1108 Stockton St SF CA,-122.408185530612,37.7960109183674
1468 Hyde St SF CA,-122.417946122449,37.7942623877551
Pier 41 SF CA,-122.4118509,37.8094742
24 WILLIE MAYS PLAZA SF CA,-122.390267454256,37.7786119
655 Union St SF CA,-122.40971822449,37.8002938571429
800 Valencia St SF CA,-122.4215575,37.7599492
24 WILLIE MAYS PLAZA SF CA,-122.390267454256,37.7786119
3515 Mission St SF CA,-122.4291725,37.7308875
1142 Valencia St SF CA,-122.421068,37.7546305
045 CASTRO St SF CA,-122.43564175,37.76857
24 WILLIE MAYS PLAZA SF CA,-122.390267454256,37.7786119
499 Castro St SF CA,-122.434909,37.761018
3188 Mission St SF CA,-122.4198427,37.7459788
555 Golden Gate Ave SF CA,-122.419637081633,37.7810462857143
920 Valencia St SF CA,-122.420812,37.753703
720 14th St SF CA,-122.4295166,37.7678117
2101 Van Ness Ave SF CA,-122.4194251,37.7764673
1117 Fillmore St SF CA,-122.432101693878,37.7797853265306
3409 Geary Blvd SF CA,-122.4255764,37.7851991
24 Willie Mays Plaza SF CA,-122.390267454256,37.7786119
732 Jackson St SF CA,-122.407258,37.796032
24 Willie Mays Plaza SF CA,-122.390267454256,37.7786119
330 Sutter St SF CA,-122.4061028,37.7898689
24 Willie Mays Plaza SF CA,-122.390267454256,37.7786119
535 Irving St SF CA,-122.463711,37.7640438
24 WILLIE MAYS PLAZA SF CA,-122.390267454256,37.7786119
425 A Hayes St SF CA,-122.423442673469,37.776741122449
417 Castro St SF CA,-122.4349862,37.7621875
24 Willie Mays Plaza SF CA,-122.390267454256,37.7786119
1360 9th Ave SF CA,-122.4661096,37.7629032
4523 Mission St SF CA,-122.4338137,37.7257793
2271 Union St SF CA,-122.4366447,37.7968216
24 Willie Mays Plaza SF CA,-122.390267454256,37.7786119
133 Clement  St. SF CA,-122.4607694,37.7830071
1650 Balboa St. SF CA,-122.4767869,37.776794
674 Broadway St SF CA,-122.408224599651,37.79797975
24 Willie Mays Plaza SF CA,-122.390267454256,37.7786119
3275 22nd St SF CA,-122.4203609,37.7552248
211 Valencia St SF CA,-122.4221812,37.7696206
665 Market St SF CA,-122.4025989,37.7880398
3139 Mission St SF CA,-122.4187955,37.7470503
3499 16th St SF CA,-122.389086,37.7668962
1116 Polk St SF CA,-122.419870806452,37.7870636451613
642 Clement St SF CA,-122.4662352,37.7830174
3801 3rd St SF CA,-122.3980895,37.7179914
317 Connecticut St SF CA,-122.3973328,37.7622923
4994 Mission St SF CA,-122.439258946429,37.7185755178571
24 WILLIE MAYS PLAZA SF CA,-122.390267454256,37.7786119
3130 Fillmore St SF CA,-122.4356699,37.7985793
1793 Haight St SF CA,-122.451644020408,37.7693236122449
1380 Sutter St SF CA,-122.422882482759,37.7874887241379
3388 24th St SF CA,-122.4202776,37.7522295
915 Kearny St SF CA,-122.4053563,37.7964714
751 Diamond St SF CA,-122.436233938776,37.7515567755102
1255 22nd St SF CA,-122.393641387755,37.7575374081633
806 S Van Ness Ave SF CA,-122.417109979592,37.7601549183673
3174 16th St SF CA,-122.389086,37.7668962
2031 Polk St SF CA,-122.4218694,37.7954995
24 WILLIE MAYS PLAZA SF CA,-122.390267454256,37.7786119
708 Bush St SF CA,-122.4047879,37.7906729
47 FRANKLIN St SF CA,-122.4210561,37.7750452
280 Golden Gate Ave SF CA,-122.4151826,37.78177876
4724 Geary Blvd SF CA,-122.4255764,37.7851991
850 Bush St SF CA,-122.411284632653,37.789924755102
1581 Webster SF CA,-122.4316446,37.7849097
3613 Sacramento St SF CA,-122.452247081633,37.7874303061224
332 Clement St SF CA,-122.4629292,37.7831619
2435 Clement St SF CA,-122.485286673469,37.7819235102041
24 WILLIE MAYS PLAZA SF CA,-122.390267454256,37.7786119
55 2nd St. SF CA,-122.4002796,37.7885908
4773 Mission St SF CA,-122.436747448276,37.7219423793103
1404 Taraval St SF CA,-122.4812611,37.7429359
2823 Mission St SF CA,-122.4291725,37.7308875
24 Willie Mays Plaza SF CA,-122.390267454256,37.7786119
2950 21st St SF CA,-122.41361,37.757436
177 Eddy St SF CA,-122.410440200742,37.784121980745
3750 Geary Blvd SF CA,-122.459854079512,37.7814369
Off the Grid SF CA,-122.4314265,37.806651
Treasure Island SF CA,-122.370153102287,37.8233541
820 Ulloa St SF CA,-122.4654015,37.7408061
1398 Grant Ave SF CA,-122.4072822,37.7995427
358 Beach St SF CA,-122.414934510204,37.8074455714286
2144 Chestnut St SF CA,-122.438747421053,37.8005831052632
1735 Polk St SF CA,-122.421224408163,37.7927109183673
Off The Grid SF CA,-122.4314265,37.806651
411 Ellis St SF CA,-122.413053959161,37.7847433438242
1945 Hyde St SF CA,-122.419215954014,37.7988227
1355 Market St SF CA,-122.4167923,37.7767817
1096 South Van Ness Ave SF CA,-122.4167454,37.7556914
1325 Ocean Ave SF CA,-122.4514762,37.7229098
1082 FOLSOM St SF CA,-122.407485,37.7772189
294 Turk St SF CA,-122.413854905025,37.782902891669
641 Irving St SF CA,-122.4648756,37.7639809
1333 Columbus Ave SF CA,-122.4117915,37.8014527
24  Pl SF CA,-60.7018693,-32.9013977
250 Montgomery St SF CA,-122.402374938776,37.791454
930 Bush St SF CA,-122.412657734694,37.7897493469388
535 Florida St SF CA,-122.411059387755,37.7625000408163
1422 Ocean Ave SF CA,-122.4514762,37.7229098
2767 Lombard St SF CA,-122.4188091,37.802076
24 Willie Mays Plaza SF CA,-122.390267454256,37.7786119
428 11th St SF CA,-122.412102253302,37.7700284
1501 Noriega St SF CA,-122.4798341,37.7539454
50 Phelan Ave SF CA,-122.451380126325,37.72594135
428 11th St SF CA,-122.412102253302,37.7700284
1324 Fitzgerald Ave SF CA,-122.39367980023,37.7224244871906
Off The Grid SF CA,-122.4314265,37.806651
1746 Post St SF CA,-122.430512040816,37.7855594081633
55 Music Concourse Dr SF CA,-122.466086844495,37.7698246
3000 24th St SF CA,-122.412062,37.752703
515 Bay St SF CA,-122.415570285714,37.8052931428571
1316 Noriega St SF CA,-122.4779899,37.7543063
322 Kearny St SF CA,-122.403984428571,37.7910492244898
1795 Geary Blvd SF CA,-122.4255764,37.7851991
2032 Union St SF CA,-122.432485333333,37.7975548333333
Off The Grid SF CA,-122.4314265,37.806651
2437 Noriega St SF CA,-122.489755387755,37.753572877551
1109 Fillmore St SF CA,-122.432090346939,37.7797291632653
140 New Montgomery St SF CA,-122.40000887508,37.78677875
2763 San Bruno Ave SF CA,-122.4018473,37.7233691
59 9th St SF CA,-122.4152375,37.7768778
1958 Polk St SF CA,-122.421373,37.7945889
4788 Mission St. SF CA,-122.4374255,37.7214060833333
65 Cambon Dr SF CA,-122.474317,37.717746
245 Jefferson St SF CA,-122.416539836735,37.8080408163265
483 3rd St SF CA,-122.3980895,37.7179914
256 Columbus Ave SF CA,-122.4061685,37.7976771
1901 San Jose Ave. SF CA,-122.4413672,37.7267869
3998 18th St SF CA,-122.432647,37.761112
506 Castro St SF CA,-122.4360967,37.7695753
350 2nd St SF CA,-122.395802666667,37.7847054444444
1323 Columbus Ave SF CA,-122.4191388,37.8063102
2225 Jennings St SF CA,-122.38933755102,37.7261631632653
1330 Noriega St SF CA,-122.4781449,37.7542954
360 Ritch St SF CA,-122.3940943,37.7789359
24 Willie Mays Plaza SF CA,-122.390267454256,37.7786119
1250 Columbus Ave SF CA,-122.4117915,37.8014527
2218 Irving St SF CA,-122.4818255,37.7634812
100 6th St SF CA,-122.4087201,37.7808184
2211 Mission St SF CA,-122.4291725,37.7308875
701 Cole St SF CA,-122.4506579,37.7684783
1299 Pacific Ave SF CA,-122.416483,37.795608
3324 24th St SF CA,-122.4190911,37.7523088
500 Post St SF CA,-122.410227,37.788144
1198 Treat Ave SF CA,-122.412954,37.751085
559 Divisadero St SF CA,-122.4379429,37.7748079
550 Kearny St SF CA,-122.4044342,37.7935066
170 O'Farrell St SF CA,-122.4100496,37.7864433
314 Church St SF CA,-122.428990967759,37.76580175
2101 Ingalls St SF CA,-122.386806,37.725838
2471 Mission St SF CA,-122.4291725,37.7308875
1222 Noriega St SF CA,-122.476850714286,37.7543060408163
500 Post St SF CA,-122.410227,37.788144
1555 Mariposa St SF CA,-122.3994326,37.7635559
710 Florida St SF CA,-122.4110872,37.7601585
2300 16th St. SF CA,-122.409327009516,37.7669716
3065 Jackson St SF CA,-122.445576911572,37.7908735
1095 Hyde St SF CA,-122.4179305,37.7907686
253 Church St SF CA,-122.428774,37.7667555
1069 Pennsylvania Ave SF CA,-122.392555571429,37.7527603265306
1525 Fillmore St SF CA,-122.4329422,37.7835278
628 20th St SF CA,-122.387886000764,37.7606135837797
398 dolores St SF CA,-122.4264617,37.7631425
1500 Irving St SF CA,-122.4740798,37.7638256
364 Hayes St SF CA,-122.422375102041,37.7770432857143
233 Winston Dr SF CA,-122.4762229,37.7268052
517 Hayes St SF CA,-122.424977632653,37.7765450816327
425 Barneveld Ave SF CA,-122.403318953852,37.7416436438353
24 Willie Mays Plaza SF CA,-122.390267454256,37.7786119
3463 16th St SF CA,-122.389086,37.7668962
4 Embarcadero Center SF CA,-122.388111744898,37.7869642755102
5241 Geary Blvd SF CA,-122.4255764,37.7851991
Pier 41 SF CA,-122.4118509,37.8094742
1247 Polk St SF CA,-122.4204131,37.788461
24 WILLIE MAYS PLAZA SF CA,-122.390267454256,37.7786119
1422 Market St SF CA,-122.4183419,37.7761763
2701 Leavenworth St SF CA,-122.418842,37.806022
499 Monterey Blvd SF CA,-122.4464435,37.7313909
1355 Market St SF CA,-122.4167923,37.7767817
3876 Noriega St SF CA,-122.5050332,37.7531194
3224 22nd St SF CA,-122.419311,37.7554835
581 Hayes St SF CA,-122.425848163265,37.7764334081633
24 WILLIE MAYS PLAZA SF CA,-122.390267454256,37.7786119
1401 Polk St SF CA,-122.4207125,37.7897663
24 Willie Mays Plaza SF CA,-122.390267454256,37.7786119
401 Hayes St SF CA,-122.423118,37.7767562
520 3 SF CA,-122.4192363,37.7792808
776 Broadway St SF CA,-122.409923785714,37.7975251428571
549 Castro St SF CA,-122.4347861,37.7601012
3122 16th St SF CA,-122.4225656,37.765011
500 Post St SF CA,-122.410227,37.788144
24 Willie Mays Plaza SF CA,-122.390267454256,37.7786119
1375 Fillmore St SF CA,-122.4326173,37.7821178
2809 24th St SF CA,-122.408441166667,37.7527546666667
2203 Irving St SF CA,-122.4816392,37.7632392
2704 24th St SF CA,-122.4066918,37.7530487
2339 Clement St SF CA,-122.484247306122,37.7819726530612
3033 24th St SF CA,-122.4124238,37.7526736
2805 Mission St SF CA,-122.4291725,37.7308875
350 Golden Gate Ave SF CA,-122.416765406422,37.7815782804094
1838 UNION St SF CA,-122.4295323,37.7979631
701 Haight St SF CA,-122.433863,37.7715719
1300 Battery St SF CA,-122.400413,37.795448
739 Larkin St SF CA,-122.4173936,37.7825506
24 WILLIE MAYS PLAZA SF CA,-122.390267454256,37.7786119
549 Irving St SF CA,-122.4639425,37.7640283
133 6th St SF CA,-122.408017,37.7805891
2 Trinity Pl SF CA,-122.402456,37.790131
16 California St SF CA,-122.396753242424,37.7937013939394
5 LENOX Way SF CA,-122.464580302358,37.74312535
709 Larkin St SF CA,-122.417848714286,37.78441
3515 20th St. SF CA,-122.419439,37.758527
124 Columbus Ave SF CA,-122.404617979592,37.7965539795918
185 Sutter St SF CA,-122.403550136364,37.7897825909091
110 Yacht Rd SF CA,-122.4472246,37.80664
2001 Market St SF CA,-122.4182945,37.7762169
2298 Fillmore St SF CA,-122.4333053,37.7861767
2425 3rd St SF CA,-122.3980895,37.7179914
1355 Market St SF CA,-122.4167923,37.7767817
2065 Polk St SF CA,-122.421924,37.79579
1520 Howard St SF CA,-122.416034346939,37.7489085102041
600 Monterey Blvd SF CA,-122.449022,37.73166
123 Battery St SF CA,-122.400413,37.795448
3248 18th St SF CA,-122.4159719,37.7621654
115 Sansome St SF CA,-122.4009434,37.7912933
77 McAllister St SF CA,-122.413456387755,37.7808712857143
596 O'Farrell St SF CA,-122.414452650192,37.7856864263064
195 5th Ave SF CA,-122.4636522,37.7849863
4829 Mission St SF CA,-122.437268,37.721219
1552 Ocean Ave SF CA,-122.4514762,37.7229098
428 11th St SF CA,-122.412102253302,37.7700284
724 La Playa St SF CA,-122.5100026,37.7747769
4100 3rd St SF CA,-122.3980895,37.7179914
1919 Irving St SF CA,-122.478515,37.7633809
655 De Haro St SF CA,-122.400395,37.75195
1290 Sutter St SF CA,-122.42121375,37.7877005
1099 Tennessee St SF CA,-122.389156,37.758013
600 O'Farrell St SF CA,-122.414767,37.785647
1039 Ocean Ave SF CA,-122.4537816,37.7232135
3088 24th St SF CA,-122.413809,37.752604
400 Haight St SF CA,-122.428949,37.772392
3239 22nd St SF CA,-122.419528333333,37.755304625
2436 Clement St SF CA,-122.485315183673,37.7820867755102
644 Polk St SF CA,-122.418977058249,37.7826130623699
24 WILLIE MAYS PLAZA SF CA,-122.390267454256,37.7786119
2199 Mission St SF CA,-122.4192207,37.7619673
2240 Mission St SF CA,-122.4194838,37.7611193
100 California SF CA,-61.5489544,-32.5446227
219 King St SF CA,-122.392114285714,37.7775836938776
500 Post St SF CA,-122.410227,37.788144
1055 Ellis St. SF CA,-122.423524612245,37.7834189183673
4080 18th St SF CA,-122.434558875,37.760998
3717 Balboa St SF CA,-122.4987692,37.7755194
2257 Chestnut St SF CA,-122.4404639,37.8001841
825 Brotherhood Way SF CA,-122.478364047847,37.7139546
499 Illinois St SF CA,-122.387945,37.765757
615 Jackson St SF CA,-122.4054252,37.79609315
1551 Mission St SF CA,-122.4291725,37.7308875
2268 Chestnut St SF CA,-122.440888,37.80038
709 O'Farrell St SF CA,-122.4166578,37.785207
3481 18th St SF CA,-122.4211875,37.761642
495 Beach St SF CA,-122.417036428571,37.8070177346939
1689 Church St SF CA,-122.4265816,37.7439109
718 Irving St SF CA,-122.465689,37.7642144
2 Embarcadero Center SF CA,-122.388110581633,37.7869760918367
531 Commercial St SF CA,-122.4019565,37.79427275
484 Ellis St SF CA,-122.414098754773,37.7847761226071
201 Ellis St SF CA,-122.409635,37.785182
5479 Mission St SF CA,-122.44421725,37.7129869166667
464 Broadway St SF CA,-122.4171937,37.7964703
2222 BROADWAY St SF CA,-122.4171937,37.7964703
5037 Geary St SF CA,-122.4192945,37.7859612
191 Pine St SF CA,-122.3992552,37.7922027
431 2nd St SF CA,-122.39467639008,37.784041136993
690 Market St SF CA,-122.4033181,37.788079
4543 Mission St SF CA,-122.434051888889,37.7255095555556
5801 Geary Blvd SF CA,-122.4255764,37.7851991
3221 Mission St SF CA,-122.4199714,37.7451982
3015 Mission St SF CA,-122.417965,37.7488479
1040 Polk St SF CA,-122.419776904762,37.7866011428571
1210 Stockton St SF CA,-122.408371571429,37.7969292380952
920 Sutter St SF CA,-122.41562742634,37.788414921692
3180 16th St SF CA,-122.4237345,37.7649564
1654 Haight St SF CA,-122.449410064516,37.769775516129
1398 Mission St SF CA,-122.4159,37.775488
407 Clement St SF CA,-122.4635,37.7829
2000 Ocean Ave SF CA,-122.4514762,37.7229098
3091 16th St SF CA,-122.389086,37.7668962
173 Eddy St SF CA,-122.410378055423,37.7841297954259
590 Valencia St SF CA,-122.420812,37.753703
1200 Irving St SF CA,-122.471166559045,37.76408925
431 Balboa St SF CA,-122.4636541,37.7771635
100 Connecticut St SF CA,-122.397829,37.764943
14 Mint Plaza SF CA,-122.407427125,37.783217125
5740 Geary Blvd SF CA,-122.4255764,37.7851991
1400 Yosemite Ave SF CA,-122.387996,37.724868
4599 Mission St SF CA,-122.434629,37.724747
44 West Portal Ave SF CA,-122.466513,37.740431
1000 Clement St SF CA,-122.469932,37.782777
5820 Mission St SF CA,-122.4291725,37.7308875
704 Valencia St SF CA,-122.420812,37.753703
951 Clement St SF CA,-122.469238714286,37.7826441428571
643 Post St SF CA,-122.4124303,37.7876887
2152 3rd St SF CA,-122.3980895,37.7179914
1515 Polk St SF CA,-122.4209036,37.7908756
1537 Ocean Ave SF CA,-122.4514762,37.7229098
731 Irving St SF CA,-122.465822849668,37.763819
5423 Geary Blvd SF CA,-122.4255764,37.7851991
3452 Mission St. SF CA,-122.4226974,37.7415505
399 5th St SF CA,-122.401879,37.779178
1781 Church St SF CA,-122.4264207,37.7424666
Off the Grid SF CA,-122.4314265,37.806651
1434 Lombard St SF CA,-122.424015011236,37.801483752809
79 Jefferson St SF CA,-122.413722163265,37.808392877551
2237 Taraval St SF CA,-122.49004955102,37.742335877551
1690 Valencia St. SF CA,-122.4202183,37.7455949
219 Jones St SF CA,-122.4126199,37.7833244
340 Jefferson St SF CA,-122.418094,37.808097
901 Polk St SF CA,-122.419768,37.785541
1640 Haight St SF CA,-122.449238677419,37.7697974193548
675 Broadway St SF CA,-122.40813188683,37.7976036940333
348 Columbus Ave SF CA,-122.4073686,37.798506
2125 Polk St SF CA,-122.4220038,37.7963335
1355 Sutter St SF CA,-122.422677714286,37.7873474897959
101 Cyril Magnin St SF CA,-122.408812,37.785482
491 O'Farrell St SF CA,-122.4126468,37.7857383
2501 San Bruno Ave SF CA,-122.40457,37.730249
222 2nd St SF CA,-122.397572793103,37.7861175172414
2840 Mission St. SF CA,-122.4291725,37.7308875
2282 MISSION St SF CA,-122.4194295,37.7605744
1081 Post St SF CA,-122.4043741,37.7888137
4808 Mission St SF CA,-122.4371645,37.721375
5641 Geary Blvd SF CA,-122.4255764,37.7851991
3558 23rd St. SF CA,-122.4228341,37.7536832
631 Larkin St SF CA,-122.4177905,37.7838252
3253 Mission St. SF CA,-122.4291725,37.7308875
55 Cambon Dr SF CA,-122.474355615385,37.7179776923077
3166 24th St SF CA,-122.4156658,37.7525164
7001 Geary Blvd SF CA,-122.4945189,37.7794682
582 Sutter St SF CA,-122.4074748,37.789373
397 Arguello Blvd SF CA,-122.4592418,37.7834156
1600 Stockton St SF CA,-122.4090839,37.8005954
1915 Irving St SF CA,-122.4784243,37.7633828
624 Irving St SF CA,-122.464696167477,37.7643709
201 2nd St SF CA,-122.397663672414,37.7861895689655
836 Irving St SF CA,-122.4671349,37.7641408
339 Taraval St SF CA,-122.469851,37.7431936
501 O'Farrell St SF CA,-122.4131188,37.7856875
3868 24th St SF CA,-122.4289873,37.7517045
2240 Chestnut St SF CA,-122.440089833333,37.8004125
601 Van Ness Ave. SF CA,-122.4208277,37.78162
5454 Mission St SF CA,-122.444301888889,37.7131617037037
1418 Haight St SF CA,-122.445750469388,37.7702420612245
609 Hayes St SF CA,-122.4264,37.776363
5672 Mission St SF CA,-122.4291725,37.7308875
1324 Fitzgerald Ave SF CA,-122.39367980023,37.7224244871906
2565 Mission St. SF CA,-122.4184756,37.7561254
1998 Polk St SF CA,-122.4214053,37.7949053
2234 Mission St SF CA,-122.4194734,37.7611972
1201 Ocean Ave SF CA,-122.4514762,37.7229098
908 Clement St SF CA,-122.468926714286,37.7828231428571
301 West Portal Ave SF CA,-122.4690205,37.7378024
4230 18th St SF CA,-122.436511795918,37.7608826122449
390 CLEMENTINA St SF CA,-122.403742166667,37.7809563333333
1737 Balboa St SF CA,-122.47739244898,37.7765421428571
1415 18th St SF CA,-122.3969073,37.7624719
1631 20th St SF CA,-122.397597122449,37.759863755102
595 Alabama St SF CA,-122.411796,37.7617712
505 Beach St SF CA,-122.417452693878,37.8069650204082
1140 Ocean Ave SF CA,-122.4514762,37.7229098
829 Mission St. SF CA,-122.4291725,37.7308875
802 Font Blvd SF CA,-122.4841447,37.7243417
3177 16th Street SF CA,-122.389086,37.7668962
550 Grant Ave SF CA,-122.405764066667,37.7921132
1900 Clement St SF CA,-122.479677,37.782336
1100 Fillmore St. SF CA,-122.431708062684,37.7798311
135 Powell St SF CA,-122.408026489796,37.7858348367347
1220 16th St SF CA,-122.399332837209,37.7663592325581
2109 Clement St. SF CA,-122.481873367347,37.7820697959184
2301 Market St SF CA,-122.3987948,37.7913412
650 Market St SF CA,-122.4029472,37.7883327
816 Mission St SF CA,-122.4291725,37.7308875
55 Music Concourse Dr SF CA,-122.466086844495,37.7698246
28 2nd St SF CA,-122.401182556302,37.78877975
150 Waverly Pl SF CA,-122.406809836735,37.7946569795918
648 Pacific Ave SF CA,-122.406449,37.7970459
500 Hayes St SF CA,-122.424801,37.7767784
1298 Church St SF CA,-122.4274586,37.7501941
24 Willie Mays Plaza SF CA,-122.390267454256,37.7786119
641 Vallejo St SF CA,-122.4086385,37.798411
98 Mission St SF CA,-122.3941616,37.7927956
3115 22nd St SF CA,-122.416825714286,37.7554701428571
52 Belden Pl SF CA,-122.403671041667,37.7912978125
2788 Mission St SF CA,-122.4291725,37.7308875
4555 California St SF CA,-122.4665365,37.7846049
2034 Mission St SF CA,-122.4291725,37.7308875
1735 Noriega St SF CA,-122.4823594,37.7538314
1875 Union St SF CA,-122.430061326531,37.7976956326531
1030 Taraval St SF CA,-122.4773704,37.7431059
1466 Haight St SF CA,-122.446378387755,37.7701622244898
468 Ellis St SF CA,-122.413880273725,37.784800998452
736 Mission St SF CA,-122.4032336,37.7858016
3344 Steiner St SF CA,-122.437614571026,37.8003218
681 Broadway St SF CA,-122.408211165123,37.797594020525
1401 18th St SF CA,-122.396684,37.7624837
488 A Hayes St SF CA,-122.4174764,37.7775902
1814 Clement St SF CA,-122.478713714286,37.7823782857143
50 Post St SF CA,-122.4043741,37.7888137
1979 MISSION St SF CA,-122.4195183,37.7654163
175 4th St SF CA,-122.393327,37.775891
5249 Mission St. SF CA,-122.442080195346,37.7149960724938
2701 San Bruno Ave SF CA,-122.403446,37.727542
636 2nd St SF CA,-122.3916676,37.781301
1920 Irving St SF CA,-122.4786599,37.763631
1755 Polk St SF CA,-122.4213525,37.7931547
560 Larkin St SF CA,-122.4173408,37.7830366
5 Embarcadero Center SF CA,-122.388112326531,37.7869583673469
428 11th St SF CA,-122.412102253302,37.7700284
425 Ellis St SF CA,-122.413245701985,37.784715825178
3491 19th St SF CA,-122.421160888889,37.760035
4919 3rd St SF CA,-122.3980895,37.7179914
425 Barneveld Ave SF CA,-122.403318953852,37.7416436438353
24 WILLIE MAYS PLAZA SF CA,-122.390267454256,37.7786119
1469 18th St SF CA,-122.3973397,37.7624401
1160 Howard St SF CA,-122.416578795918,37.7546100204082
248 Fillmore St SF CA,-122.4302903,37.7718402
320 Bayshore Blvd SF CA,-122.4024376,37.7123201
4166 24th St SF CA,-122.435532918367,37.751288122449
552 Green St SF CA,-122.4083573,37.7997931
2001 Chestnut St SF CA,-122.4364807,37.8006714
1528 Fillmore St SF CA,-122.432669857143,37.7836457142857
3303 Mission St SF CA,-122.4207149,37.7440257
2342 Clement St SF CA,-122.484291285714,37.7821361428571
2836 Franklin St SF CA,-122.4259761,37.8006029
1970 Innes Ave SF CA,-122.395605428571,37.7433378571429
581 Hayes St SF CA,-122.425848163265,37.7764334081633
1671 Haight St SF CA,-122.449985846154,37.7695348461538
826 Van Ness Ave SF CA,-122.4194251,37.7764673
670 Larkin St SF CA,-122.4175531,37.7840646
24 Willie Mays Plaza SF CA,-122.390267454256,37.7786119
960 Cole St. SF CA,-122.449536794206,37.7650516
940 Filbert St SF CA,-122.4150332,37.80092665
25 Grove St SF CA,-122.41569,37.7786462
5700 Geary Blvd SF CA,-122.4806324,37.780479
523 Broadway St SF CA,-122.4171937,37.7964703
1309 Howard St SF CA,-122.413303,37.774689
3230 Mission St SF CA,-122.420477,37.7450478
995 Valencia St SF CA,-122.4209868,37.7571099
271 Francisco St SF CA,-122.409677,37.805073
1395 Noriega St SF CA,-122.4784813,37.7540272
685 Beach St SF CA,-122.4203768,37.8065557
1375 9th Ave SF CA,-122.4663706,37.762654
2810 Diamond St SF CA,-122.4340895,37.734130125
917 Taraval St SF CA,-122.476086813072,37.74282185
2511 Noriega St SF CA,-122.4906512,37.7534703
925 Kearny St SF CA,-122.4053693,37.7965396
428 11th St SF CA,-122.412102253302,37.7700284
1506 Fillmore St SF CA,-122.432636183673,37.7834746530612
98 9th St SF CA,-122.414894,37.776261
5668 3rd St SF CA,-122.3980895,37.7179914
1042 Taraval St SF CA,-122.4774967,37.7431022
1701 Greenwich St SF CA,-122.427797,37.7998816
773 Market St SF CA,-122.4050282,37.7859932
24 WILLIE MAYS PLAZA SF CA,-122.390267454256,37.7786119
3809 Geary Blvd SF CA,-122.4255764,37.7851991
1400 Mission SF CA,-122.416508,37.7752852
343 Sansome SF CA,-122.401607237943,37.79363065
407 Ellis St SF CA,-122.412999175496,37.7847512062945
2116 Irving St SF CA,-122.4807482,37.763534
1111 Mission St. SF CA,-122.4109149,37.7790091
59 30th St SF CA,-122.4231333,37.7422006
425 Barneveld Ave SF CA,-122.403318953852,37.7416436438353
790 Valencia St SF CA,-122.420812,37.753703
1428 Haight St SF CA,-122.445982865658,37.77042865
1779 Lombard St SF CA,-122.4188091,37.802076
4004 3rd St SF CA,-122.3980895,37.7179914
428 11th St SF CA,-122.412102253302,37.7700284
2550 Mission St SF CA,-122.419211570744,37.75619865
1788 32nd Ave SF CA,-122.490317836735,37.7539202040816
1152 Valencia St SF CA,-122.4210385,37.7544624
133 O'Farrell St SF CA,-122.4072015,37.786431
800 Font Blvd SF CA,-122.483841117379,37.7227960257709
Off The Grid SF CA,-122.4314265,37.806651
4108 24th St SF CA,-122.434409020408,37.7513644693878
225 Bush SF CA,-122.4010156,37.7910409
1000 Howard St SF CA,-122.416812,37.757038
2049 Irving St SF CA,-122.4801918,37.7632993
3611 California St SF CA,-122.3975149,37.7935273
340 Grove St SF CA,-122.422236714286,37.7780148367347
798 South Van Ness Ave SF CA,-122.417141,37.760484
3900 3rd St SF CA,-122.3980895,37.7179914
555 Beach St SF CA,-122.418136367347,37.8068777755102
2501 Phelps St SF CA,-122.400279,37.72969
2346 Chestnut St SF CA,-122.441986306122,37.8001707959184
2328 Irving St SF CA,-122.483036827184,37.7634848
1701 Fillmore St SF CA,-122.4332747,37.7852669
3376 18th St SF CA,-122.418756,37.7619884
236 Clement St SF CA,-122.4617661,37.7832102
1150 Ocean Ave SF CA,-122.4546813,37.7237981
2001 Market St SF CA,-122.4182945,37.7762169
275 Battery St SF CA,-122.400214292683,37.7939413414634
5155 3rd St SF CA,-122.3980895,37.7179914
833 Cortland Ave. SF CA,-122.4141329,37.7389962
2335 3rd St SF CA,-122.3980895,37.7179914
1517 Pine St SF CA,-122.420828204082,37.7894938571429
4697 Mission St SF CA,-122.435791384615,37.7232148461539
3368 19th St SF CA,-122.41857275,37.760356
557 Howard St SF CA,-122.397029894283,37.787633513092
1130 Ocean Ave SF CA,-122.4514762,37.7229098
1488 Pine St SF CA,-122.420218959184,37.7897384489796
211 Clement St SF CA,-122.461444604651,37.7829939302326
1905 Mission St SF CA,-122.4196601,37.7664758
1420 Market St SF CA,-122.3987948,37.7913412
581 Eddy St SF CA,-122.417113244898,37.7832796734694
293 Bayshore Blvd SF CA,-122.39897528831,37.7140838095511
2298 Mission St SF CA,-122.4291725,37.7308875
2349 Market St SF CA,-122.3987948,37.7913412
4581 Mission St SF CA,-122.434492714286,37.724927
4625 Geary Blvd SF CA,-122.4255764,37.7851991
428 11th St SF CA,-122.412102253302,37.7700284
431 2nd St SF CA,-122.39467639008,37.784041136993
1300 9th Ave SF CA,-122.4661805,37.7639235
768 Jackson St SF CA,-122.40771575,37.7959745
62 Turk St SF CA,-122.409843007378,37.7834169983235
411 Valencia St SF CA,-122.420812,37.753703
260 5th St. SF CA,-122.404206204082,37.7808064897959
1256 7th Ave SF CA,-122.4640891,37.7648891
1805 Geary Blvd SF CA,-122.4255764,37.7851991
1051 Ocean Ave SF CA,-122.4514762,37.7229098
614 Pine St SF CA,-122.406093142857,37.791537
820 Cortland Ave SF CA,-122.414204,37.7388099
2052 Mission St SF CA,-122.4291725,37.7308875
1330 Ocean Ave SF CA,-122.4514762,37.7229098
55 5th St SF CA,-122.406870642682,37.7835175
2045 Irving St SF CA,-122.4801243,37.7633014
2241 Judah St SF CA,-122.4862929,37.7611634
2847 Mission St SF CA,-122.4182176,37.7514846
537 Octavia St SF CA,-122.424848794118,37.7772682352941
1728 Buchanan St SF CA,-122.4275514,37.7743958
2000 Union St SF CA,-122.4141306,37.7998285
199 VALENCIA St SF CA,-122.422120369135,37.77003695
Off The Grid SF CA,-122.4314265,37.806651
Off The Grid SF CA,-122.4314265,37.806651
428 11th St SF CA,-122.412102253302,37.7700284
555 California SF CA,-61.5489544,-32.5446227
1310 Grant Ave SF CA,-122.4071819,37.7990483
458 Grove St SF CA,-122.4241711,37.7777921
2174 Market St SF CA,-122.4306101,37.766541
57 9th St SF CA,-122.41553525641,37.7770061538462
2325 Pine St SF CA,-122.434111918367,37.7878073673469
41 Franklin St SF CA,-122.4210381,37.7748444
321 Kearny St SF CA,-122.404196888889,37.7910598333333
24 WILLIE MAYS PLAZA SF CA,-122.390267454256,37.7786119
1862 Divisadero St SF CA,-122.4375842,37.7740774
24 WILLIE MAYS PLAZA SF CA,-122.390267454256,37.7786119
63 Ellis St SF CA,-122.4071525,37.7854639
1258 Minnesota St SF CA,-122.39001844898,37.7545339591837
4448 Mission St SF CA,-122.433567153846,37.7264707692308
601 South Van Ness Ave SF CA,-122.417217,37.763455
1525 Pine St SF CA,-122.4209333,37.7894622
525 Commercial St SF CA,-122.4018734,37.7942834
5913 3rd St SF CA,-122.3980895,37.7179914
2407 JUDAH St SF CA,-122.4878965,37.7610964
4950 Mission St SF CA,-122.438945209229,37.71982705
1143 Taraval St SF CA,-122.4786124,37.7427955
1830 Ocean Ave SF CA,-122.4613309,37.7251662
174 Valencia St SF CA,-122.4226078,37.7703535
2800 Leavenworth St SF CA,-122.418828,37.806997
505 Howard St SF CA,-122.396118319917,37.788007
784 O'Farrell St SF CA,-122.41755056,37.7852952
24 WILLIE MAYS PLAZA SF CA,-122.390267454256,37.7786119
32 6th St SF CA,-122.4095425,37.781518
201 A Turk St SF CA,-122.4207223,37.7819539
66 Dorman Ave SF CA,-122.403353666667,37.7396273333333
1660 Stockton St SF CA,-122.4079135,37.7940653
4828 Geary Blvd SF CA,-122.4255764,37.7851991
242 Columbus Ave SF CA,-122.4059615,37.7975454
289 8th St SF CA,-122.4101688,37.7752496
1544 15th St SF CA,-122.4187119,37.7668496
111 Cambon Dr SF CA,-122.473567412966,37.71727675
2399 Van Ness Ave SF CA,-122.4240342,37.7974845
2922 Diamond St SF CA,-122.434345367347,37.7332298163265
2347 3rd St SF CA,-122.3980895,37.7179914
2229 Clement St SF CA,-122.483101571429,37.7820238571429
1401 Stockton St SF CA,-122.4090015,37.7986741
408 Dewey Blvd SF CA,-122.4594868,37.7472921
2341 Folsom St SF CA,-122.414674346939,37.759828122449
2704 Mission St SF CA,-122.4291725,37.7308875
2824 Jones St SF CA,-122.41721555102,37.8073784489796
1750 Market St SF CA,-122.4230572,37.7724024
2272 Chestnut St SF CA,-122.440736666667,37.80033
4201 geary Blvd SF CA,-122.4255764,37.7851991
341 Kearny St SF CA,-122.404235777778,37.7912506666667
2462 San Bruno Ave SF CA,-122.405046631579,37.730878
691 Market St SF CA,-122.4032007,37.7875747
2305 Irving St SF CA,-122.482664020408,37.7632356530612
3251 20th Ave SF CA,-122.475700699044,37.7281113063248
1325 FLORIDA St SF CA,-122.409767408163,37.7506961632653
1000 Cole St SF CA,-122.4496443,37.7647894
1817 Polk St SF CA,-122.4214711,37.7936489
3123 Clement St SF CA,-122.4928772,37.7815231
24 Willie Mays Plaza SF CA,-122.390267454256,37.7786119
925 Cortland Ave. SF CA,-122.4135896,37.7390432
242 King St SF CA,-122.3929802,37.7775777
Off The Grid SF CA,-122.4314265,37.806651
3416 19th St SF CA,-122.419703474919,37.7603507
2501 Mariposa St SF CA,-122.4085307,37.7629624
227 Front St SF CA,-122.398958,37.793709
1750 Polk St SF CA,-122.4210676,37.7930539
3066 24th St. SF CA,-122.413289461538,37.7526357692308
764 Harrison St SF CA,-122.3989507,37.7815359
24 WILLIE MAYS PLAZA SF CA,-122.390267454256,37.7786119
508 4th St SF CA,-122.393327,37.775891
3565 Geary Blvd SF CA,-122.4255764,37.7851991
214 Sutter St SF CA,-122.404102,37.78988
226 Kearny St SF CA,-122.403807,37.790177
701 Larkin St SF CA,-122.417835,37.784344
2055 Union SF CA,-60.7047795,-32.8837301
1601 HOWARD St SF CA,-122.3938223,37.7902855
84 9th St SF CA,-122.414951020833,37.7763063541667
5300 Mission St. SF CA,-122.442842,37.714526
420 Judah St SF CA,-122.4665627,37.7623105
3230 Mission St. SF CA,-122.420477,37.7450478
401 A Judah St SF CA,-122.466327,37.762082
5238 Diamond Heights Blvd SF CA,-122.4394316,37.7437153
1200 Market St SF CA,-122.3987948,37.7913412
928 Geneva Ave SF CA,-122.4326944,37.7129696
1 Embarcadero SF CA,-122.38811,37.786982
353 Columbus Ave SF CA,-122.4077505,37.7983846
524 Union St SF CA,-122.4082,37.800647
914 Clement St SF CA,-122.468973,37.782821
1030 Taraval St SF CA,-122.4773704,37.7431059
900 Sutter St SF CA,-122.4154017,37.7884876
2095 Chestnut St SF CA,-122.4377255,37.8005171
Off The Grid SF CA,-122.4314265,37.806651
131 Lenox Way SF CA,-122.465286265306,37.7419068979592
4591 Mission St. SF CA,-122.434568428571,37.724827
1919 Union St SF CA,-122.430696,37.797615
5201 3rd St. SF CA,-122.3980895,37.7179914
850 La Playa St SF CA,-122.509362090425,37.77242235
2257 San Jose Ave SF CA,-122.4240416,37.7406471
803 Cortland Ave SF CA,-122.4144729,37.7389816
5530 Geary Blvd. SF CA,-122.4255764,37.7851991
716 Columbus Ave SF CA,-122.4118332,37.8015965
24 WILLIE MAYS PL SF CA,-122.390267454256,37.7786119
3801 24th St SF CA,-122.4275978,37.7515943
428 11th St SF CA,-122.412102253302,37.7700284
950 Mason St SF CA,-122.410030097904,37.7923686
1 Clement St SF CA,-122.459147,37.7831
2350 Noriega St SF CA,-122.488849294877,37.7541297
601 Broadway St SF CA,-122.407154,37.797722
1424 Lombard St SF CA,-122.423944786517,37.8014936966292
4092 18th St SF CA,-122.4345895,37.7610207
855 Bryant St SF CA,-122.3909786,37.7852596
713 Clay St SF CA,-122.4051279,37.7943439
510 Mission St SF CA,-122.4291725,37.7308875
1352 A 9th Ave SF CA,-122.466139040816,37.7630610612245
1243 Van Ness Ave SF CA,-122.4219579,37.7873136
329 West Portal Ave SF CA,-122.4695681,37.7373354
464 CASTRO St SF CA,-122.4352495,37.7614816
401 Balboa St SF CA,-122.4630916,37.7771535
4000 24th St SF CA,-122.4320831,37.7515084
1085 Sutter St SF CA,-122.418273647059,37.7880746470588
1098 Sutter St SF CA,-122.4181612,37.787198
59 Columbus Ave SF CA,-122.4044342,37.7961374
1748 Church St SF CA,-122.4267774,37.7429854
335 Jones St SF CA,-122.412769810837,37.7842810541827
22 Battery SF CA,-122.3994835,37.7916132
2760 Octavia St SF CA,-122.428732714286,37.7975488367347
1033 Taraval St SF CA,-122.4773873,37.7428403
4517 3rd St SF CA,-122.3980895,37.7179914
3925 Irving St SF CA,-122.5001072,37.7624304
659 Townsend St SF CA,-122.4028316,37.7707211
517 O'Farrell St SF CA,-122.413325798144,37.7856615879318
134 Golden Gate Ave SF CA,-122.412855204082,37.7820756734694
2226 Polk St SF CA,-122.4219316,37.797323
1419 Haight  St SF CA,-122.445717469388,37.7700790612245
Off The Grid SF CA,-122.4314265,37.806651
3438 Mission St. SF CA,-122.4225724,37.7416967
700 Monterey Blvd SF CA,-122.4513031,37.7316982
1368 9th Ave SF CA,-122.4661178,37.7628046
301 Pine St SF CA,-122.40107,37.792007
4780 Mission St SF CA,-122.4373675,37.72147175
50 Fremont St SF CA,-122.397242850109,37.79051085
950 Mason St SF CA,-122.410030097904,37.7923686
8 6th St SF CA,-122.4101662,37.7819305
1400 Taraval St SF CA,-122.481211,37.742937
474 Geary St SF CA,-122.4110257,37.7871576
177 Townsend St. SF CA,-122.397336,37.775278
1821 Haight St SF CA,-122.452281367347,37.7692422857143
501 Dolores St SF CA,-122.425864,37.7613601
1000 Howard St SF CA,-122.416812,37.757038
2894 Mission St SF CA,-122.4291725,37.7308875
4794 Mission St SF CA,-122.437469,37.7213568333333
535 Octavia St SF CA,-122.424847529412,37.7772618235294
428 11th St SF CA,-122.412102253302,37.7700284
154 Ellis St SF CA,-122.408934037037,37.7854377777778
3251 20th Ave SF CA,-122.475700699044,37.7281113063248
149 Fell St SF CA,-122.420315244898,37.7761816938776
532 Green St SF CA,-122.408001832,37.79974966
Off the Grid SF CA,-122.4314265,37.806651
544 Clement St SF CA,-122.464925877551,37.7829992857143
2845 Mission St SF CA,-122.4182223,37.7515269
1 Front St SF CA,-122.398851904709,37.7918825
2300 16th St SF CA,-122.409327009516,37.7669716
822 Irving St SF CA,-122.4668086,37.7641516
532 Jones St SF CA,-122.4129259,37.7862553
2455 Mason St SF CA,-122.413804938776,37.8061088571429
1534 California St SF CA,-122.419672285714,37.7907906734694
2333 Irving St SF CA,-122.483101253045,37.76306625
2301 Bryant St SF CA,-122.409473,37.757478
1330 25th St SF CA,-122.392025020408,37.7526644489796
3325 24th St SF CA,-122.4191013,37.7521091
3815 Noriega St SF CA,-122.504682,37.7528457
424 Clay St SF CA,-122.4010647,37.7950556
599 Monterey Blvd SF CA,-122.44871,37.731427
645 5th St SF CA,-122.4036768,37.780485
2154 Irving St SF CA,-122.4812658,37.7635117
2111 Harrison St SF CA,-122.4127878,37.7639653
401 Van Ness Ave SF CA,-122.420850106045,37.7785477
400 IRVING St SF CA,-122.4622496,37.7643657
170 O'Farrell St SF CA,-122.4100496,37.7864433
3301 Buchanan St SF CA,-122.4275514,37.7743958
535 Folsom St SF CA,-122.39513,37.7866224
2146 Irving St SF CA,-122.4811481,37.763515
3420 Balboa St SF CA,-122.4956149,37.7759187
211 Sutter St SF CA,-122.4040073,37.7897034
1760 Polk St SF CA,-122.4210689,37.7931692
331 Cortland Ave SF CA,-122.418260244898,37.7393355714286
474 Columbus Ave SF CA,-122.408605142857,37.7993164693878
2427 noriega St SF CA,-122.48967722449,37.753576244898
55 5th St SF CA,-122.406870642682,37.7835175
655 Jackson St SF CA,-122.4060508,37.7960077
2351 Mission St SF CA,-122.4291725,37.7308875
3251 20th Ave SF CA,-122.475700699044,37.7281113063248
408 Montgomery St SF CA,-122.402700510204,37.7930419183673
138 Minna St SF CA,-122.400328,37.786844
2111 Harrison St SF CA,-122.4127878,37.7639653
4235 19th St SF CA,-122.436371836735,37.7591146938775
2551 Noriega St SF CA,-122.490940285714,37.7535206530612
2623 San Bruno Ave. SF CA,-122.4018473,37.7233691
1639 Irving St SF CA,-122.475428918367,37.7635542040816
2071 3rd St. SF CA,-122.3980895,37.7179914
547 Hyde St SF CA,-122.416474235294,37.7859157647059
919 Cole St SF CA,-122.4500386,37.7654459
999 Valencia St SF CA,-122.4209796,37.7570365
747 Market St SF CA,-122.404655636364,37.7869605454545
131 6th St SF CA,-122.4081254,37.7807037
3420 Judah St SF CA,-122.4989017,37.7608723
1782 Haight St SF CA,-122.4515041,37.7695815
716 Kearny St SF CA,-122.4047041,37.794798
1701 Jones St SF CA,-122.41532,37.796914
3111 24th St SF CA,-122.414392,37.752357
2425 Geary Blvd SF CA,-122.440659086797,37.7828619
974 Valencia St SF CA,-122.4212943,37.7570702
717 Monterey Blvd SF CA,-122.4515826,37.7313668
181 3rd St SF CA,-122.4004934,37.7852231
345 Eddy St SF CA,-122.413403967742,37.783746483871
1909 Union St SF CA,-122.4141306,37.7998285
1101 4th St SF CA,-122.392163,37.774997
168 Sutter St SF CA,-122.403182727273,37.7899968181818
3153 17th St SF CA,-122.416466615385,37.7635388076923
2337 Market St SF CA,-122.3987948,37.7913412
781 Mission St SF CA,-122.4034537,37.7849215
999 California SF CA,-61.5489544,-32.5446227
652 Pacific Ave SF CA,-122.406056612245,37.7970834285714
1538 Fillmore St SF CA,-122.432685163265,37.7837234693878
24 WILLIE MAYS PLAZA SF CA,-122.390267454256,37.7786119
3407 Geary Blvd SF CA,-122.4255764,37.7851991
1775 17th St SF CA,-122.4012178,37.7647401
999 California SF CA,-61.5489544,-32.5446227
4068 18th St SF CA,-122.434362125,37.76101
2675 Geary Blvd SF CA,-122.4472154,37.7821167
PIER 40 SF CA,-122.386312385784,37.78171975
3198 16th St. SF CA,-122.389086,37.7668962
55 Music Concourse Dr SF CA,-122.466086844495,37.7698246
317 Sanchez St SF CA,-122.43074544898,37.7640325102041
231 Franklin St SF CA,-122.4214411,37.7768124
Pier 33 Embarcadero SF CA,-122.404596391275,37.80790525
1002 Potrero Ave SF CA,-122.406724306122,37.7560103061224
2931 16th St SF CA,-122.389086,37.7668962
2055 Union St SF CA,-122.433077163265,37.7973123265306
747 Market St SF CA,-122.404655636364,37.7869605454545
1555 Mission St SF CA,-122.4291725,37.7308875
303 2nd St SF CA,-122.3952644,37.7846572
2325 Taraval St SF CA,-122.491037319149,37.7422925744681
525 7th St SF CA,-122.404240755102,37.7739936326531
1307 Sutter St SF CA,-122.4221431,37.7874042
2738 Mission St SF CA,-122.4291725,37.7308875
2605 Ocean Ave SF CA,-122.4734098,37.7316253
700 4th St SF CA,-122.3948866,37.7768183
2150 Irving St SF CA,-122.481186,37.7635139
1601 Lane St SF CA,-122.389779897959,37.7322326530612
2824 24th St SF CA,-122.4087167,37.7529431
415 Sansome St SF CA,-122.401453666667,37.7941531666667
2 California St SF CA,-122.4200374,37.7908554
3299 Mission St SF CA,-122.4206681,37.7441316
5298 3rd St. SF CA,-122.392872482182,37.7294508
882 Bush St SF CA,-122.411959,37.7898996
330 Ritch St SF CA,-122.39438775,37.77918625
2900 Diamond St SF CA,-122.434298,37.733391
2224 Union St SF CA,-122.435988408163,37.797109122449
155 5th St. SF CA,-122.405737833333,37.7820254166667
3723 Mission St SF CA,-122.424051855456,37.7369512711167
672 Stanyan St SF CA,-122.4534584,37.7696837
Off The Grid SF CA,-122.4314265,37.806651
3741 Geary Blvd SF CA,-122.4255764,37.7851991
839 Irving St SF CA,-122.4670489,37.7638902
2545 Ocean Ave SF CA,-122.4729754,37.7314138
620 Broadway St SF CA,-122.40745026178,37.797852761879
2272 MARKET St SF CA,-122.3987948,37.7913412
754 Post St SF CA,-122.414358227746,37.78781055
1607 Haight St SF CA,-122.448810875,37.769684875
1351 Church St SF CA,-122.4270599,37.7492082
428 11th St SF CA,-122.412102253302,37.7700284
Off The Grid SF CA,-122.4314265,37.806651
2546 San Bruno Ave SF CA,-122.404457653061,37.7294401020408
642 Eddy St SF CA,-122.4183561,37.7833354
701 Randolph St SF CA,-122.46905,37.714172
321 A West Portal Ave SF CA,-122.469323961952,37.7375641660628
775 Frederick St SF CA,-122.4572262,37.7657304
337 Jones St SF CA,-122.412772623239,37.7842951161935
22 4th St SF CA,-122.4051953,37.7850265
4207 Geary Blvd SF CA,-122.4255764,37.7851991
890 Taraval St SF CA,-122.475380102041,37.7431462857143
1032 Clement St SF CA,-122.470542,37.7828391
521 Cortland Ave SF CA,-122.4160551,37.7391262
555 Golden Gate Ave SF CA,-122.419637081633,37.7810462857143
428 11th St SF CA,-122.412102253302,37.7700284
790 Bush St SF CA,-122.410072666667,37.7900803333333
4482 Mission St SF CA,-122.433892,37.726041
2071 3rd St SF CA,-122.3980895,37.7179914
115 Cyril Magnin St SF CA,-122.408848444624,37.7855768632112
423 BURROWS St SF CA,-122.407333020408,37.7279013673469
428 11th St SF CA,-122.412102253302,37.7700284
1750 Divisadero St SF CA,-122.4398341,37.785928
3801 3rd St. SF CA,-122.3980895,37.7179914
881 Post St SF CA,-122.416223428571,37.7872142244898
3319 Mission St SF CA,-122.4208848,37.7437805
253 Kearny St SF CA,-122.4041188,37.7903534
3201 20th Ave SF CA,-122.476129811866,37.7291240427925
2501 Van Ness Ave SF CA,-122.4194251,37.7764673
3417 18th St SF CA,-122.420375,37.7616908666667
320 Geary St SF CA,-122.408670469388,37.7873861020408
100 Gough St SF CA,-122.4223178,37.7742283
801 Font Blvd SF CA,-122.483846237525,37.7228112210411
865 Market St SF CA,-122.4074787,37.7839412
130 Clement St SF CA,-122.460777,37.7832457
401 Cortland Ave SF CA,-122.4176397,37.7392705
1700 Jerrold Ave SF CA,-122.391334,37.739992
139 8th St SF CA,-122.4125864,37.7771858
303 Columbus Ave SF CA,-122.407297950695,37.79808315
91 Drumm St SF CA,-122.3967287,37.7943544
724 Bush St SF CA,-122.4047879,37.7906729
1509 SLOAT Blvd SF CA,-122.4897011,37.7335649
1217 Geneva Ave SF CA,-122.435927111111,37.7142492222222
Pier 9 SF CA,-122.396553092835,37.8007914
888 Brannan SF CA,-122.40545545443,37.7717239
1979 Union St SF CA,-122.431953,37.7974552352941
1338 Ocean Ave SF CA,-122.4514762,37.7229098
1111 California St SF CA,-122.412734632653,37.7915084489796
Off The Grid SF CA,-122.4314265,37.806651
198 Gough St SF CA,-122.422471,37.774912
225 Bush SF CA,-122.4010156,37.7910409
24 WILLIE MAYS PLAZA SF CA,-122.390267454256,37.7786119
Off the Grid SF CA,-122.4314265,37.806651
240 Ritch St SF CA,-122.395958780488,37.7804392195122
242 O'Farrell St SF CA,-122.40872925,37.786406375
2340 Polk St SF CA,-122.422054688316,37.79848545
1177 California St SF CA,-122.413636408163,37.7913926122449
2080 Chestnut St SF CA,-122.437886353604,37.80084135
515 Broadway St SF CA,-122.4171937,37.7964703
888 Brannan SF CA,-122.40545545443,37.7717239
1131 Stockton St SF CA,-122.4084885,37.7962281
827 Sacramento St SF CA,-122.406443428571,37.7932567142857
1035 Geary Blvd SF CA,-122.4255764,37.7851991
835 Geary Blvd SF CA,-122.4255764,37.7851991
555 Golden Gate Ave SF CA,-122.419637081633,37.7810462857143
2445 Noriega St SF CA,-122.489817918367,37.7535701836735
3456 Mission St SF CA,-122.4291725,37.7308875
5336 Geary Blvd SF CA,-122.4255764,37.7851991
915 Columbus St SF CA,-122.4088136,37.7994755
1501 Cortland Ave SF CA,-122.40933,37.739791
138 Minna St SF CA,-122.400328,37.786844
810 Van Ness Ave SF CA,-122.4194251,37.7764673
871 Sutter St SF CA,-122.4146212,37.7882259
314 Sutter St SF CA,-122.4058624,37.7896936
25 Leland Ave SF CA,-122.4043105,37.711331
2247 Market St SF CA,-122.4318228,37.7649986
24 Willie Mays Plaza SF CA,-122.390267454256,37.7786119
Pier 39  A-101 SF CA,-122.4102693,37.8097913
3391 Mission St SF CA,-122.4291725,37.7308875
51 Yerba Buena Lane SF CA,-122.40403,37.7855328
1701 Octavia St SF CA,-122.426993,37.78797
200 Clement St SF CA,-122.4613841,37.7832278
789 Mission St SF CA,-122.4039285,37.7845294
201 Pine St SF CA,-122.3999659,37.7921312
Off The Grid SF CA,-122.4314265,37.806651
3801 Balboa St SF CA,-122.499673623602,37.7753357
82 14th St SF CA,-122.4151166,37.7687774
733 Bush St SF CA,-122.40936055102,37.7900034897959
678 Post St SF CA,-122.413033647059,37.7877869411765
4217 Geary Blvd SF CA,-122.4255764,37.7851991
428 11th St SF CA,-122.412102253302,37.7700284
829 Geary St SF CA,-122.4192945,37.7859612
401 Geary St SF CA,-122.4099933,37.7870044
2249 17th St SF CA,-122.4062778,37.7644469
455 Market St SF CA,-122.398862020408,37.7914294081633
798 Eddy St SF CA,-122.4203496,37.7830769
620 O'Farrell St SF CA,-122.415221454545,37.7855900909091
575 Howard St SF CA,-122.3975081,37.7871563
799 Battery St SF CA,-122.4011364,37.7985412
514 Minna St SF CA,-122.408473571429,37.7804064285714
809 Bush St SF CA,-122.4109,37.789725
Pier 39  A02 SF CA,-122.4102693,37.8097913
4097 19th Ave SF CA,-122.470064274573,37.7143998969023
303 2nd St SF CA,-122.3952644,37.7846572
189 6th Ave SF CA,-122.4647477,37.7852761
15 Boardman Place SF CA,-122.403203076923,37.7749293076923
2997 Folsom St SF CA,-122.413623,37.749437
1650 Holloway Ave SF CA,-122.4788561,37.7221622
4627 Geary Blvd SF CA,-122.4255764,37.7851991
5501 California St SF CA,-122.3975149,37.7935273
1501 B Sloat Blvd SF CA,-122.4892973,37.733795
680 A 2nd St SF CA,-122.390954469388,37.780832244898
88 Division St SF CA,-122.4030009,37.7699755
590 3rd St SF CA,-122.3946256,37.780165
240 Front St SF CA,-122.3987561,37.7939149
405 Mason St SF CA,-122.4100026,37.7872666
1375 3rd St SF CA,-122.3893131,37.7719051
Off The Grid SF CA,-122.4314265,37.806651
3077 24th St SF CA,-122.41325972,37.7524726
493 3rd St SF CA,-122.3980895,37.7179914
3751 Geary Blvd SF CA,-122.4255764,37.7851991
2250 Chestnut St SF CA,-122.44048,37.800363
1501 Cortland Ave. SF CA,-122.40933,37.739791
508 Valencia St SF CA,-122.4220614,37.7646962
4850 Geary Blvd SF CA,-122.4255764,37.7851991
101 Montgomery SF CA,-122.402503857665,37.79050305
65 Leland Ave SF CA,-122.405155391304,37.7116561304348
5512 Geary Blvd SF CA,-122.4255764,37.7851991
845 Market St SF CA,-122.4056313,37.7837394
Off the Grid SF CA,-122.4314265,37.806651
1581 Webster SF CA,-122.4316446,37.7849097
580 Geary St SF CA,-122.4129623,37.7869139
465 California SF CA,-61.5489544,-32.5446227
3814 Noriega St SF CA,-122.5046735,37.7531532
680 Folsom St SF CA,-122.398531168391,37.7845997
801 Montgomery St SF CA,-122.403617,37.796488
1030 Hyde St SF CA,-122.417087297703,37.7905008
3333 California SF CA,-61.5489544,-32.5446227
1355 Market St SF CA,-122.4167923,37.7767817
2138 Irving St SF CA,-122.4810221,37.7635185
3839 Mission St SF CA,-122.424501897959,37.7356426530612
550 Alabama St. SF CA,-122.412213979592,37.7622630204082
2348 Polk St SF CA,-122.4221387,37.7985445
1800 Hyde St SF CA,-122.4185854,37.7974628
757 Beach St SF CA,-122.421198864865,37.8064878918919
5273 3rd St SF CA,-122.3980895,37.7179914
101 Howard St SF CA,-122.392562,37.791166
1400 Stockton St SF CA,-122.4079135,37.7940653
311 California St SF CA,-122.400208210288,37.7929596
2201 CLEMENT St SF CA,-122.482885,37.782033
24 Willie Mays Plaza SF CA,-122.390267454256,37.7786119
522 Jones St SF CA,-122.412937941176,37.7861501764706
1501 Cortland Ave SF CA,-122.40933,37.739791
988 Sutter St SF CA,-122.4165679,37.7884234
428 11th St SF CA,-122.412102253302,37.7700284
1615 Mcallister St SF CA,-122.4386727,37.7776603
689 Folsom St SF CA,-122.3984353,37.7839545
1581 Webster SF CA,-122.4316446,37.7849097
4 Mint Plaza SF CA,-122.4076714,37.7830438
101 Post St SF CA,-122.4038325,37.7887697
100 1st St SF CA,-122.3972655,37.7892978
175 Sutter St SF CA,-122.403463090909,37.7897937272727
35 6th St SF CA,-122.409380565217,37.7816221304348
646 Kearny St SF CA,-122.4046107,37.7941819
2800 California SF CA,-61.5489544,-32.5446227
1550 Hyde St SF CA,-122.4181251,37.7952878
1268 Grant Ave SF CA,-122.407075363636,37.7986503636364
Off The Grid SF CA,-122.4314265,37.806651
301 King St SF CA,-122.3936243,37.7757606
4499 17th St SF CA,-122.445254,37.7617743
428 11th St SF CA,-122.412102253302,37.7700284
900 Stanyan St SF CA,-122.4528159,37.7662947
1520 Fillmore St SF CA,-122.432657612245,37.7835835102041
24 Willie Mays Plaza SF CA,-122.390267454256,37.7786119
1355 Market St SF CA,-122.4167923,37.7767817
1500 Owens St SF CA,-122.3954096,37.7687392
1314 Noriega St SF CA,-122.477922,37.7543069
428 11th St SF CA,-122.412102253302,37.7700284
24 Willie Mays Plaza SF CA,-122.390267454256,37.7786119
555 TOMPKINS Ave SF CA,-122.413144734694,37.7371336326531
716 Jackson St SF CA,-122.4069128,37.7960754
577 Geary St SF CA,-122.4127618,37.7866794
1939 Ocean Ave SF CA,-122.4514762,37.7229098
24 Willie Mays Plaza SF CA,-122.390267454256,37.7786119
24 Willie Mays Plaza SF CA,-122.390267454256,37.7786119
Off The Grid SF CA,-122.4314265,37.806651
2036 LOMBARD St SF CA,-122.4356751,37.8000847
3092 16th St SF CA,-122.389086,37.7668962
1612 Ocean Ave SF CA,-122.4514762,37.7229098
4406 California St SF CA,-122.3975149,37.7935273
107 Leland Ave SF CA,-122.4116162,37.7137033
151 Union St SF CA,-122.4020917,37.8009926
2246 Lombard St SF CA,-122.4188091,37.802076
1416 Haight St SF CA,-122.445724306122,37.7702453877551
345 3rd St SF CA,-122.3979963,37.783221
142 Minna St SF CA,-122.4004371,37.7867615
1508 Taraval St SF CA,-122.4824066,37.742896
Off The Grid SF CA,-122.4314265,37.806651
30 Mission St SF CA,-122.4291725,37.7308875
133 Waverly Pl SF CA,-122.40699077551,37.7945143469388
1054 Taraval St SF CA,-122.4777124,37.7430986
428 11th St SF CA,-122.412102253302,37.7700284
1 California St SF CA,-122.3977816,37.7921925
3416 balboa St SF CA,-122.4955367,37.7759214
1935 Taraval St SF CA,-122.4870423,37.7424255
5125 Mission St SF CA,-122.44062,37.716824
777 Valencia St SF CA,-122.420812,37.753703
398 Geary SF CA,-122.4097098,37.7873031
1950 Page St SF CA,-122.4528236,37.7703978
55 SCHWERIN St SF CA,-122.410317244898,37.7126833673469
120 Green St SF CA,-122.4018113,37.8004937
905 California St SF CA,-122.409362693878,37.7919351020408
239 Powell St SF CA,-122.408218061224,37.7867923673469
2491 Mission St SF CA,-122.4291725,37.7308875
690 Van Ness Ave SF CA,-122.4194251,37.7764673
701 Union St SF CA,-122.410971,37.800138
942 Mission St SF CA,-122.4291725,37.7308875
295 Eddy St SF CA,-122.411143530612,37.7840331020408
653 Clay St SF CA,-122.403992326531,37.7944732040816
2022 Mission St SF CA,-122.4291725,37.7308875
1605 Polk St SF CA,-122.421005346939,37.791631244898
1122 Post St SF CA,-122.420234222222,37.7868725555556
996 Mission St SF CA,-122.4291725,37.7308875
2401 Mission St SF CA,-122.418867,37.758469
3500 22nd St SF CA,-122.425695,37.755098
2701 20th St SF CA,-122.408087,37.759214
451 Gough St SF CA,-122.4232,37.777458
2250 Keith St SF CA,-122.391477387755,37.7272066734694
1994 Lombard St SF CA,-122.4188091,37.802076
87 McAllister St SF CA,-122.413478938776,37.7808684285714
640 Jackson St SF CA,-122.406007066667,37.796188
736 Clement St SF CA,-122.467001346939,37.782911877551
167 Leland Ave SF CA,-122.406885143256,37.7123260962257
24 WILLIE MAYS PLAZA SF CA,-122.390267454256,37.7786119
501 Geary St SF CA,-122.41195210013,37.7866329
380 Golden Gate Ave SF CA,-122.4155274,37.7816602
431 Eddy St SF CA,-122.414788156637,37.7835720307089
2499 San Bruno Ave SF CA,-122.4046218,37.7304529
298 King St SF CA,-122.3942265,37.7767382
2175 Market SF CA,-122.430041349368,37.76628605
360 Jessie St SF CA,-122.4068744,37.7833875
1314 Ocean Ave SF CA,-122.4567727,37.7242174
4787 Mission St SF CA,-122.43741825,37.7214142916667
4007 24th St SF CA,-122.432164,37.7513195
101 Bayshore Blvd SF CA,-122.403348304553,37.7468217
50 3rd St SF CA,-122.40296,37.786741
1042 Larkin St SF CA,-122.4181548,37.787716
1700 Mission St SF CA,-122.4291725,37.7308875
315 5th St SF CA,-122.4030609375,37.78012125
414 Columbus Ave SF CA,-122.408048,37.7989301428571
135 4th St SF CA,-122.4035628,37.7841847
1376 9th Ave SF CA,-122.4661009,37.7626653
370 14th St SF CA,-122.4216684,37.7682823
600 3rd St SF CA,-122.3980895,37.7179914
350 Rhode Island SF CA,-122.403103078052,37.76538775
Off the Grid SF CA,-122.4314265,37.806651
1353 Taraval St SF CA,-122.4808806,37.7427094
1650 Holloway Ave SF CA,-122.4788561,37.7221622
3200 Fillmore St SF CA,-122.435788,37.799087
705 Divisadero St SF CA,-122.4382376,37.7761968
1365 Stockton St SF CA,-122.40893,37.7984671
835 Larkin St SF CA,-122.417949265306,37.784892244898
66 Raymond Ave SF CA,-122.404491333333,37.7123806666667
55 Stevenson St SF CA,-122.399605959578,37.7895568
2101 Geneva Ave SF CA,-122.4326944,37.7129696
550 Geary St SF CA,-122.41253056,37.78689436
3898 24th St SF CA,-122.4295255,37.7516682
937 TARAVAL SF CA,-122.4763642,37.7429035
665 Townsend St SF CA,-122.397336,37.775278
2522 Ocean Ave. SF CA,-122.4725586,37.7315466
507 Divisadero St SF CA,-122.4378507,37.7743521
940 Market St SF CA,-122.408717010417,37.78329865625
151 Townsend St SF CA,-122.397336,37.775278
2794 Diamond St SF CA,-122.433928,37.734696
2032 Polk St SF CA,-122.421549408163,37.7953820816327
530 Parnassus Ave SF CA,-122.459004853967,37.7632358976912
1582 Folsom St SF CA,-122.4150529,37.7710876
690 Folsom St SF CA,-122.3992122,37.7841938
34 3rd St SF CA,-122.3980895,37.7179914
1507 Sloat Blvd SF CA,-122.4895496,37.7335712
785 Sunnydale Ave SF CA,-122.409378857143,37.709964
1823 Clement St SF CA,-122.478764836735,37.7822115918367
2555 Judah St SF CA,-122.4895725,37.7610288
3643 Balboa St SF CA,-122.4981604,37.7755506
1515 Sloat Blvd SF CA,-122.489451558581,37.7330442
981 Mission St SF CA,-122.4081142,37.781237
350 Powell St SF CA,-122.408204,37.7877978837209
Off The Grid SF CA,-122.4314265,37.806651
2221 Clement St SF CA,-122.483039693878,37.7820264693878
2237 Polk St SF CA,-122.422186794118,37.7974985294118
611 Larkin St SF CA,-122.417671538462,37.7835067692308
1417 Valencia St. SF CA,-122.4203363,37.7501679
1713 Taraval St SF CA,-122.4846343,37.7425255
Off The Grid SF CA,-122.4314265,37.806651
375 Taylor St SF CA,-122.4113963,37.7855815
2255 Polk St SF CA,-122.4222726,37.7976947
1 Mint Plaza SF CA,-122.407739,37.782763
171 2nd St SF CA,-122.3986501,37.7872668
266 King St SF CA,-122.393081142857,37.7768230612245
50 3rd St SF CA,-122.40296,37.786741
298 Pacific Ave SF CA,-122.400726,37.797755
2450 Clement St SF CA,-122.485423755102,37.7820816326531
1251 Turk St SF CA,-122.428909923077,37.7808246923077
343 Clement St SF CA,-122.462715866667,37.7829357777778
3189 16th St SF CA,-122.389086,37.7668962
2 Embarcadero Center SF CA,-122.388110581633,37.7869760918367
800 Greenwich St SF CA,-122.4129815,37.8019801
4042 24th St SF CA,-122.4328789,37.7514773
Pier 41 SF CA,-122.4118509,37.8094742
1250 Ocean Ave SF CA,-122.4557927,37.7239422
2937 Mission St SF CA,-122.4180938,37.7500359
6 6th St SF CA,-122.409641733333,37.7815968666667
3015 Geary Blvd SF CA,-122.4255764,37.7851991
3232 16th St SF CA,-122.4249358,37.7648565
1343 Powell St SF CA,-122.4103346,37.7970674
2277 Shafter Ave SF CA,-122.403109285714,37.7379623877551
68 West Portal Ave SF CA,-122.4667867,37.7401543
531 Divisadero St SF CA,-122.4378693,37.7745071
2300 Polk St SF CA,-122.421971832616,37.798001
150 Otis St SF CA,-122.420457736206,37.7708532
17 Kearny St SF CA,-122.4048784,37.7948556
3585 California St SF CA,-122.3975149,37.7935273
140 Turk St SF CA,-122.411209090909,37.7832410227273
121 Golden Gate Ave SF CA,-122.412631061224,37.7819371020408
1098 Jackson St SF CA,-122.413051,37.795299
2274 Lombard St SF CA,-122.4388599,37.7996575
1127 Market St SF CA,-122.41289755,37.77963995
725 Columbus Ave SF CA,-122.4118679,37.8013195
644 Mission St SF CA,-122.4009673,37.7872906
2434 Mission St. SF CA,-122.4291725,37.7308875
707 Sutter St SF CA,-122.412115320285,37.7885587
3781 MISSION St SF CA,-122.424284363636,37.7362781818182
4769 Mission St SF CA,-122.436711517241,37.7219892068966
1199 South Van Ness Ave SF CA,-122.416321,37.754097
601 19th St SF CA,-122.388887,37.761672
611 Post St SF CA,-122.411956714286,37.7877556428571
1900 GEARY Blvd SF CA,-122.435324193093,37.7845624
428 11th St SF CA,-122.412102253302,37.7700284
655 Larkin St SF CA,-122.417846,37.7840686
50 3rd St SF CA,-122.40296,37.786741
178 Townsend St SF CA,-122.397336,37.775278
736 DIVISADERO St SF CA,-122.4379121,37.7764572
1335 Webster St SF CA,-122.4314752,37.7829176
1075 Sutter St SF CA,-122.41798890107,37.78777735
422 Geary St SF CA,-122.4102819,37.7872217
2048 Taraval St SF CA,-122.488009244898,37.7425908367347
833 Bryant St SF CA,-122.3909786,37.7852596
1331 Polk St SF CA,-122.420528,37.789274
2312 Market St SF CA,-122.3987948,37.7913412
2809 Taylor St SF CA,-122.4160055,37.8084503
969 Market St SF CA,-122.408421891304,37.783883826087
301 Turk St SF CA,-122.414191,37.782693
239 Clement St. SF CA,-122.461692697674,37.7829825348837
1820 Clement St SF CA,-122.478760306122,37.7823762653061
1198 Mission St SF CA,-122.4291725,37.7308875
4935 Mission St SF CA,-122.4387875,37.7196214
1409 Polk St SF CA,-122.420631836735,37.7897872857143
730 Howard St SF CA,-122.40207,37.7842301
356 Kearny St SF CA,-122.4040588,37.7915499
4601 Geary Blvd SF CA,-122.4255764,37.7851991
2 New Montgomery St SF CA,-122.4023146,37.7882835
5080 Mission St SF CA,-122.440663363636,37.7170827272727
260 Kearny St SF CA,-122.403877942857,37.7905261428571
469 Castro St SF CA,-122.4349181,37.761478
2401 California St SF CA,-122.3975149,37.7935273
1030 Irving St SF CA,-122.469063391136,37.7641065
1270 Valencia St SF CA,-122.420878,37.7524987
300 De Haro St SF CA,-122.4018578,37.7656237
309 6th Ave SF CA,-122.464509040816,37.7826809795918
2101 Lombard St SF CA,-122.436263625124,37.7996204
1356 Polk St SF CA,-122.4203422,37.7895295
705 Geary St SF CA,-122.4149658,37.7864003
201 Jones St SF CA,-122.412539,37.783113
OFF The Grid SF CA,-122.4314265,37.806651
329 Kearny St SF CA,-122.404212444444,37.7911361666667
205 A Frederick St SF CA,-122.4465582,37.7671121
354 CLEMENT St SF CA,-122.46295435,37.783089375
970 47th Ave SF CA,-122.5078901,37.7703091
250 Kearny St SF CA,-122.403871085714,37.7904932857143
1500 Hyde St SF CA,-122.4180103,37.7946564
1599 Howard St SF CA,-122.4167145,37.7717782
1101 Fairfax Ave SF CA,-122.380458,37.737404
2200 BRYANT St SF CA,-122.409854,37.759061
1051 Taylor St SF CA,-122.412659428571,37.7920834489796
710 Commercial St SF CA,-122.40500355102,37.7940676938776
1550 Bryant St SF CA,-122.3909786,37.7852596
428 11th St SF CA,-122.412102253302,37.7700284
221 Sansome St SF CA,-122.401115384615,37.7924893076923
Off The Grid SF CA,-122.4314265,37.806651
951 Irving St SF CA,-122.4683007,37.7638269
685 Harrison St SF CA,-122.396820254892,37.7827135
5344 Geary Blvd SF CA,-122.4255764,37.7851991
110 Leland Ave SF CA,-122.4059412,37.71214525
180 Spear St SF CA,-122.392949714286,37.7915338571429
3600 Taraval St SF CA,-122.5047802,37.7419005
290 De Haro St SF CA,-122.400395,37.75195
814-816 Irving St SF CA,-122.466580714286,37.7641072857143
2859 Mission St SF CA,-122.4291725,37.7308875
126 Sutter St SF CA,-122.4028008,37.7900613
1101 Geary Blvd SF CA,-122.42161,37.785576
236 King St SF CA,-122.392464,37.7773085714286
8 Mission St SF CA,-122.393214700699,37.79368085
2770 Taylor St SF CA,-122.4156147,37.8080254
1200 Mason St SF CA,-122.411286,37.794662
2301 Mission St SF CA,-122.4291725,37.7308875
4 Embarcadero Center SF CA,-122.388111744898,37.7869642755102
2176 Mission St. SF CA,-122.4291725,37.7308875
1111 8th St SF CA,-122.399449343957,37.76747005
301 Battery St SF CA,-122.4011662,37.7943358
5100 Geary Blvd SF CA,-122.4741902,37.7807919
Off The Grid SF CA,-122.4314265,37.806651
98 Judah St SF CA,-122.4628383,37.7624581
1018 Columbus Ave SF CA,-122.4117915,37.8014527
927 Post St SF CA,-122.417201923077,37.7870904615385
1 Bush St SF CA,-122.400122659705,37.7909419
3251 20th Ave SF CA,-122.475700699044,37.7281113063248
3815 Geary Blvd SF CA,-122.4255764,37.7851991
50 3rd St SF CA,-122.40296,37.786741
37 Yerba Buena Ln SF CA,-122.4044407,37.7856627
969 Sutter St SF CA,-122.416548788989,37.7881301144797
1753 Carroll Ave SF CA,-122.395602040816,37.7261453877551
234 Townsend St. SF CA,-122.397336,37.775278
450 Broadway St SF CA,-122.4171937,37.7964703
418 Larkin St SF CA,-122.417095081633,37.7817085510204
217 King St SF CA,-122.3921746,37.7774376
711 #B Market St SF CA,-122.403713,37.7873030526316
2948 Folsom St SF CA,-122.413953346939,37.7501113061224
564 Market St SF CA,-122.4011356,37.7897371
5214 D Diamond Heights Blvd SF CA,-122.436769,37.7386738
609 Ellis St SF CA,-122.416317408163,37.784333877551
1 Bush St SF CA,-122.400122659705,37.7909419
3254 23rd St SF CA,-122.3977349,37.7548294
672 Geary St SF CA,-122.414442,37.7866835
2101 21st Ave SF CA,-122.478319,37.748423
429 Stockton St SF CA,-122.4072208,37.7900012
943 Columbus Ave SF CA,-122.4117915,37.8014527
428 11th St SF CA,-122.412102253302,37.7700284
1001 Guerrero St SF CA,-122.423321612245,37.7550231836735
2157 Polk St SF CA,-122.421977285714,37.7964602857143
2801 Jennings St. SF CA,-122.392616,37.72251
3010 20th St SF CA,-122.4112429,37.7592214
3161 24th St. SF CA,-122.415482333333,37.752338
308 Kearny St SF CA,-122.403964428571,37.7909510816326
1594 Market St SF CA,-122.4205881,37.7744588
1226 Stockton St SF CA,-122.4083756,37.7971246
747 3rd St SF CA,-122.3980895,37.7179914
3565 20th St SF CA,-122.420306526316,37.7584743157895
555 Taraval St SF CA,-122.472262031649,37.7429937
2801 California St SF CA,-122.4405972,37.7879107
3435 Mission St SF CA,-122.4221809,37.7417916
3251 20th Ave SF CA,-122.475700699044,37.7281113063248
996 Pine St SF CA,-122.4121671,37.7908059
1216 Stockton St SF CA,-122.408382714286,37.7969833809524
2 Marina Blvd SF CA,-122.4317704,37.8065143
2030 Lombard St SF CA,-122.4188091,37.802076
3108 Fillmore St SF CA,-122.435629,37.798442
2030 Union St SF CA,-122.432448222222,37.7975595555556
Off The Grid SF CA,-122.4314265,37.806651
318 Columbus St SF CA,-122.4088136,37.7994755
2165 Union St SF CA,-122.434856489796,37.7970859795918
719 14th St SF CA,-122.4296777,37.7675985
1235 Van Ness Ave SF CA,-122.4194251,37.7764673
1300 Dolores St. SF CA,-122.4250659,37.7485396
3821 Noriega St SF CA,-122.476502,37.7542437
Off The Grid SF CA,-122.4314265,37.806651
2567 Gough St SF CA,-122.4243124,37.7834094
1813 Fulton St SF CA,-122.446947,37.7756308
100 Post St SF CA,-122.404007096811,37.7890356
345 Stockton St SF CA,-122.40723689269,37.789119
2406 19th Ave SF CA,-122.4754437,37.7428408
772 Folsom St SF CA,-122.3924644,37.7889083
411 Sansome St SF CA,-122.401450333333,37.7941368333333
1114 Bryant St SF CA,-122.4091985,37.7709595
24 WILLIE MAYS PLAZA SF CA,-122.390267454256,37.7786119
420 Montgomery St SF CA,-122.4027008,37.7933794
839 Clay SF CA,-122.407062,37.7940933
399 4th St SF CA,-122.393327,37.775891
638 Broadway St SF CA,-122.4076485,37.7978842
564 Castro St SF CA,-122.4360967,37.7695753
1443 A Lombard St SF CA,-122.425281428571,37.8011154285714
1499 Valencia St SF CA,-122.4202077,37.7490224
3157 Geary Blvd SF CA,-122.4529893,37.7815599
2531 San Bruno Ave. SF CA,-122.404278842105,37.7295378421053
237 Ellis St SF CA,-122.410125408163,37.7851199183673
3472 Mission St SF CA,-122.4291725,37.7308875
1042 Polk St SF CA,-122.419778,37.7866065
605 Kearny St SF CA,-122.404747571429,37.7937034285714
3415 California St SF CA,-122.3975149,37.7935273
501 Fell St. SF CA,-122.4262576,37.7753422
121 Spear St SF CA,-122.3929101,37.7918654
1700 Owens St. SF CA,-122.3940123,37.7670171
925 Market St. SF CA,-122.408509,37.7833542
24 Willie Mays Plaza SF CA,-122.390267454256,37.7786119
1785 Fulton St SF CA,-122.446103285714,37.7757651428571
1849 Union St SF CA,-122.429706346939,37.7977407346939
3499 Mission St SF CA,-122.4291725,37.7308875
75 1st St SF CA,-122.3979063,37.7902319
508 Castro St SF CA,-122.4351672,37.7606229
50 California St SF CA,-122.3975903,37.7942837
3100 16th St SF CA,-122.4220701,37.7650583
1522 Fillmore St. SF CA,-122.432660673469,37.7835990612245
1081 Mission St. SF CA,-122.4291725,37.7308875
658 Market St SF CA,-122.402354,37.7883055
667 Monterey Blvd SF CA,-122.45041115,37.7312828
300 Jefferson St SF CA,-122.41790142012,37.8081258
335 Noe St SF CA,-122.432937094988,37.7635848706408
319 Bayshore Blvd SF CA,-122.405199856296,37.7424652
108 B Carl St SF CA,-122.45031008,37.7658388
142 2nd St SF CA,-122.399114142857,37.7873477142857
1145 Market St. SF CA,-122.413314392019,37.77947485
290 Townsend St SF CA,-122.3945506,37.7776212
Off The Grid SF CA,-122.4314265,37.806651
674 Sacramento St SF CA,-122.4042595,37.79369625
1123 Folsom St. SF CA,-122.4083622,37.7761609
493 Pine St SF CA,-122.4041068125,37.7917885625
420 Montgomery St SF CA,-122.4027008,37.7933794
203 Folsom St. SF CA,-122.391908142857,37.7892136326531
1754 Polk St SF CA,-122.421082,37.7931005
270 5th St. SF CA,-122.404179571429,37.7807855714286
734 La Playa St SF CA,-122.5099813,37.7746045
805 Columbus Ave SF CA,-122.4117915,37.8014527
750 Ellis St SF CA,-122.418565265306,37.7842117755102
2120 Greenwich St SF CA,-122.43466644898,37.7991883061224
370 Golden Gate Ave SF CA,-122.416968398089,37.7815530229168
1426 Fillmore St SF CA,-122.432454244898,37.7825698979592
3104 24th St SF CA,-122.414313666667,37.752575
552 Jones St SF CA,-122.413000588235,37.7864572352941
100 Post St SF CA,-122.404007096811,37.7890356
301 South Van Ness Ave SF CA,-122.417686,37.768288
298 Market St SF CA,-122.397153387755,37.7924093367347
460 Castro St SF CA,-122.435255,37.7615387
4404 3rd St SF CA,-122.3980895,37.7179914
1727 Haight St SF CA,-122.451072244898,37.7693963469388
24 WILLIE MAYS PLAZA SF CA,-122.390267454256,37.7786119
24 Willie Mays Pl SF CA,-122.390267454256,37.7786119
6253 GEARY Blvd SF CA,-122.4255764,37.7851991
50 3rd St SF CA,-122.40296,37.786741
1760 Cesar Chavez St. SF CA,-122.3886414,37.7500866
1116 Potrero Ave SF CA,-122.406545,37.754148
748 Innes Ave SF CA,-122.372871367347,37.730463122449
1230 Market St SF CA,-122.3987948,37.7913412
OFF THE GRID SF CA,-122.4314265,37.806651
3614 18th St SF CA,-122.424243692308,37.7616217307692
4689 Mission St SF CA,-122.435724923077,37.7233022307692
75 Hawthorne St SF CA,-122.398202454545,37.7850918181818
1453 18th St. SF CA,-122.3970343,37.7624568
65 Post St SF CA,-122.403332731707,37.7888517560976
300 Precita Ave SF CA,-122.413393,37.746687
580 4th St SF CA,-122.393327,37.775891
842 Geary St SF CA,-122.417189808825,37.7862987673651
1000 Larkin St SF CA,-122.418212428571,37.7872612857143
96 Gough St SF CA,-122.422239111111,37.7737786666667
800 Masonic Ave SF CA,-122.445965,37.773826
1777 Steiner St SF CA,-122.434964795918,37.7855865510204
Off The Grid SF CA,-122.4314265,37.806651
11 Division St. SF CA,-122.402331,37.7696757
1275 Market St SF CA,-122.415649937214,37.7775595
201 Mission St. SF CA,-122.3951501,37.7911783
2815 California St SF CA,-122.440675,37.7879017
91 6th St SF CA,-122.408805380952,37.781165
24 WILLIE MAYS PLAZA SF CA,-122.390267454256,37.7786119
186 2nd St SF CA,-122.3985478,37.7868527
1425 Folsom St SF CA,-122.3924644,37.7889083
258 Noe SF CA,-122.462178,37.782947
2827 California St SF CA,-122.4410645,37.7878599
428 11th St SF CA,-122.412102253302,37.7700284
132 6th St SF CA,-122.408124,37.78039
710 3rd St SF CA,-122.3980895,37.7179914
90 New Montgomery St. SF CA,-122.4007244,37.7874778
4587 Mission St. SF CA,-122.434538142857,37.724867
2675 Geary Blvd SF CA,-122.4472154,37.7821167
4845 Mission St. SF CA,-122.4375746,37.720762
685 3rd St. SF CA,-122.3980895,37.7179914
500 Parnassus Ave SF CA,-122.458144084127,37.76366725
1234 Polk St SF CA,-122.420134823529,37.7883716470588
2175 Market SF CA,-122.430041349368,37.76628605
2943 Mission St SF CA,-122.4180749,37.7499624
10 4th St. SF CA,-122.4056288,37.785398
64 6th St. SF CA,-122.409209,37.781252
2500 Noriega St SF CA,-122.490562,37.753702
361 WEST PORTAL Ave SF CA,-122.469866015329,37.7370841129096
1000 Stockton St SF CA,-122.408,37.795076
2428 San Bruno Ave. SF CA,-122.40541,37.73173075
1325 9th Ave SF CA,-122.4664345,37.7635407
1668 Haight St SF CA,-122.449846176471,37.76972
1 Polk St SF CA,-122.4180548,37.7768129
1727 Haight St SF CA,-122.451072244898,37.7693963469388
24 Willie Mays Plaza SF CA,-122.390267454256,37.7786119
1142 Grant Ave SF CA,-122.406866,37.7976
24 Willie Mays Plaza SF CA,-122.390267454256,37.7786119
99 Grove St SF CA,-122.418057,37.778427
418 Beach St SF CA,-122.416031571429,37.8073076938776
3515 20th St SF CA,-122.419439,37.758527
2200 Mason St SF CA,-122.413146,37.803896
1016 Bryant St. SF CA,-122.407630540146,37.77230075
88 Hardie Pl SF CA,-122.4034529,37.7904377
560 balboa St SF CA,-122.464659521739,37.7772865217391
2598 Harrison St SF CA,-122.412313,37.75595
1330 9th Ave SF CA,-122.4661692,37.7634467
494 Haight St SF CA,-122.4302258,37.7722509
5 Masonic Ave SF CA,-122.4479845,37.7821995
1009 Guerrero St SF CA,-122.423310510204,37.7549126530612
250 Beach St SF CA,-122.412871840608,37.8080398
4542 Irving St SF CA,-122.5068638,37.7623888
298 Market St SF CA,-122.397153387755,37.7924093367347
24 Willie Mays Plaza SF CA,-122.390267454256,37.7786119
1501 Folsom St SF CA,-122.414020168084,37.7715937
574 Green St SF CA,-122.4087027,37.7996803
536 Mission St SF CA,-122.4291725,37.7308875
381 South Van Ness Ave SF CA,-122.417578244898,37.7671826938776
711 Geary St SF CA,-122.4150609,37.7863883
2739 Geary Blvd SF CA,-122.4255764,37.7851991
622 Jackson St SF CA,-122.405664637645,37.79637575
3250 Van Ness Ave SF CA,-122.4194251,37.7764673
525 Market St SF CA,-122.39915845,37.79050745
758 Valencia St SF CA,-122.420812,37.753703
272 Claremont Blvd SF CA,-122.4649948,37.7410561
524 Castro St SF CA,-122.4351469,37.7604118
1563 Page St SF CA,-122.446320301048,37.7708181
121 7th St. SF CA,-122.409904,37.7786408
1503 15th St. SF CA,-122.417815578947,37.7667125789474
1635 Divisadero St SF CA,-122.440039620068,37.78459965
1290 9th Ave SF CA,-122.4662196,37.764364
24 Willie Mays Plaza SF CA,-122.390267454256,37.7786119
347 Presidio Ave SF CA,-122.447167857143,37.788635122449
525 Valencia St SF CA,-122.420812,37.753703
533 Jones St SF CA,-122.4131325,37.786073
1977 A Union St SF CA,-122.431926,37.7974586470588
1727 Haight St SF CA,-122.451072244898,37.7693963469388
1446 Market St SF CA,-122.3987948,37.7913412
152 Kearny St SF CA,-122.403593424242,37.7890961818182
645 Larkin St SF CA,-122.417754371429,37.7839369142857
1336 Grant Ave SF CA,-122.407179428571,37.7991622653061
1305 Castro St SF CA,-122.433971632653,37.7511650204082
1639 Oak St SF CA,-122.446353428571,37.7719157959184
1132 Valencia St SF CA,-122.4210817,37.7547605
1401 Powell St SF CA,-122.410516401556,37.79757755
4401 18th St SF CA,-122.438412,37.760601
680 Valencia St. SF CA,-122.420812,37.753703
752 Grant Ave SF CA,-122.4061710625,37.79411975
145 Jefferson St SF CA,-122.4148792,37.8081859
1020 Market St SF CA,-122.4107732,37.7821397
1336 9th Ave SF CA,-122.4661554,37.7633485
24 Willie Mays Plaza SF CA,-122.390267454256,37.7786119
3004 San Bruno Ave. SF CA,-122.402096673469,37.7237421836735
2172 Market St SF CA,-122.3987948,37.7913412
49 Kearny St SF CA,-122.403716535714,37.7886096785714
852 Clement St SF CA,-122.468196387755,37.7828578979592
2406 BRYANT St SF CA,-122.409653369921,37.75573895
50 Francisco SF CA,-122.4512228,37.7143032
2594 Oakdale Ave SF CA,-122.402985160804,37.741873160804
901 Rankin St SF CA,-122.395226757576,37.741592030303
451 Castro St SF CA,-122.434976345169,37.7617749597013
598 Market St SF CA,-122.401126152778,37.789275125
313 Ivy St SF CA,-122.423373836735,37.7772271836735
1428 Polk St SF CA,-122.420433125,37.78984425
36 5th St SF CA,-122.4074219375,37.7833640208333
2365 Chestnut St SF CA,-122.4422747,37.799938
1549 Polk St SF CA,-122.420885478261,37.7910386521739
3251 20th Ave SF CA,-122.475700699044,37.7281113063248
318 Kearny St SF CA,-122.403978714286,37.7910211836735
2124 Folsom St SF CA,-122.4155018,37.7632805
1909 A Union St SF CA,-122.4141306,37.7998285
316 11th St SF CA,-122.413774183673,37.7715452653061
993 North Point St SF CA,-122.423402897959,37.8052354693878
4058 18th St SF CA,-122.434198166667,37.76102
1801 Haight St SF CA,-122.4520221,37.7692332
904 Valencia St SF CA,-122.420812,37.753703
2298 Market St SF CA,-122.4329545,37.7646391
24 WILLIE MAYS PLAZA SF CA,-122.390267454256,37.7786119
24 WILLIE MAYS PLAZA SF CA,-122.390267454256,37.7786119
24 Willie Mays Plaza SF CA,-122.390267454256,37.7786119
950 Mason St SF CA,-122.410030097904,37.7923686
801 Powell St SF CA,-122.4094581,37.7934198
950 Mason St SF CA,-122.410030097904,37.7923686
728 Vallejo St SF CA,-122.4092068125,37.7986064375
Off The Grid SF CA,-122.4314265,37.806651
673 Portola Dr SF CA,-122.4526288,37.7446634
601 Larkin St SF CA,-122.417655,37.783421
2289 3rd St. SF CA,-122.3980895,37.7179914
2901 Mission St SF CA,-122.4181382,37.7505445
168 2nd St SF CA,-122.398814,37.787046
55 Stockton St SF CA,-122.4064682,37.7862783
145 2nd St SF CA,-122.3989364,37.7875167
595 Bryant St. SF CA,-122.3909786,37.7852596
2127 Polk St SF CA,-122.4220433,37.7963702
737 Portola Dr SF CA,-122.4536099,37.7439398
1550 Church St SF CA,-122.4270527,37.7459366
2886 16th St SF CA,-122.389086,37.7668962
138 Cyril Magnin St SF CA,-122.408754107499,37.7859449721165
2175 Market SF CA,-122.430041349368,37.76628605
1181 Ocean Ave SF CA,-122.4514762,37.7229098
2018 Clement St. SF CA,-122.480891408163,37.7822802040816
1301 Mission St. SF CA,-122.4291725,37.7308875
584 Washington St SF CA,-122.4028845,37.7956898
773 Market St SF CA,-122.4050282,37.7859932
2726 San Bruno Ave. SF CA,-122.403539204082,37.7272347142857
103 Waverly Pl SF CA,-122.406950673469,37.7943199591837
6 Monterey Blvd. SF CA,-122.436858597987,37.7314526865553
Off the Grid SF CA,-122.4314265,37.806651
2315 Clement St SF CA,-122.4841786,37.7819407
755 Portola Dr SF CA,-122.453695651809,37.743782
123 2nd St SF CA,-122.3992384,37.787747
101 Spear St SF CA,-122.3930383,37.7925915
1398 Leavenworth St SF CA,-122.4149942,37.7873807
3913 24th St. SF CA,-122.4300466,37.7514343
524 Van Ness Ave SF CA,-122.4194251,37.7764673
1315 Noriega St SF CA,-122.4779741,37.7540513
71 5th St SF CA,-122.406804822222,37.7831066
4416 18th St SF CA,-122.438552408163,37.7607573265306
572 O'Farrell St SF CA,-122.414124452491,37.7857275419829
333 Jefferson St SF CA,-122.418465,37.807748
300 Folsom St SF CA,-122.3924644,37.7889083
499 Douglass St SF CA,-122.438771,37.755563
Off the Grid SF CA,-122.4314265,37.806651
1318 Grant Ave SF CA,-122.407153714286,37.7990366326531
600 Polk St SF CA,-122.418915,37.782304
3465 19th St. SF CA,-122.420787769364,37.7599899
2948 Folsom St. SF CA,-122.413953346939,37.7501113061224
236 Townsend St SF CA,-122.3938539,37.7781979
Off The Grid SF CA,-122.4314265,37.806651
531 Jackson St SF CA,-122.404679494521,37.7961858131849
501 Clement St. SF CA,-122.464574,37.782851
555 Folsom St SF CA,-122.3954062,37.7864083
2077 Hayes St SF CA,-122.450502959184,37.7732921632653
650 Jackson St SF CA,-122.4060474,37.796183
100 Larkin St SF CA,-122.415743677851,37.779095
2684 San Bruno Ave SF CA,-122.403799285714,37.7278631428571
815 Clement St SF CA,-122.467887142857,37.7827068571429
2099 Folsom St SF CA,-122.3924644,37.7889083
4827 Mission St. SF CA,-122.437258142857,37.7212338571429
3699 17th St SF CA,-122.428346,37.762818
139 Steuart St. SF CA,-122.3924689,37.7928405
229 Columbus Ave SF CA,-122.405946851852,37.7972561481481
28 Waverly Pl SF CA,-122.4066622,37.7937168
1509 Haight St SF CA,-122.44718022449,37.7698930408163
1681 Church St SF CA,-122.4265869,37.7439905
1002 16th St. SF CA,-122.397073387755,37.7665011632653
Off the Grid SF CA,-122.4314265,37.806651
601 Mission Bay Blvd SF CA,-122.3955519,37.7705266
24 Willie Mays Plaza SF CA,-122.390267454256,37.7786119
602 Mission St SF CA,-122.4001032,37.7879443
5801 Geary Blvd SF CA,-122.4255764,37.7851991
1217 Sutter St SF CA,-122.420410914894,37.7876358297872
155 Montgomery St SF CA,-122.402385860465,37.7904830232558
2014 Market St SF CA,-122.4277609,37.7693006
795 A Folsom St SF CA,-122.3924644,37.7889083
645 Clay St SF CA,-122.403882122449,37.7944873265306
500 Brannan St SF CA,-122.3967988,37.7783536
240 Kearny St SF CA,-122.4037986,37.7903685
762 Divisadero St SF CA,-122.4379485,37.7767623
3801 17th St SF CA,-122.4308916,37.7626452
407 Castro St SF CA,-122.4349988,37.762319
402 Balboa St SF CA,-122.4631888,37.7774018
74 New Montgomery St. SF CA,-122.401326841853,37.7874752
1501 Ocean Ave SF CA,-122.4514762,37.7229098
2828 Jones St SF CA,-122.417221142857,37.8074068571429
400 Eddy St SF CA,-122.414412,37.783786
1581 Webster SF CA,-122.4316446,37.7849097
480 6th St SF CA,-122.402822346939,37.7761608367347
1875 Geary Blvd SF CA,-122.4255764,37.7851991
3566 20th St SF CA,-122.420322526316,37.7586383157895
64 14th St SF CA,-122.4148499,37.7687132
235 Front St SF CA,-122.3990657,37.7939006
601 Mission Bay SF CA,-122.3911712,37.7707742
1550 Howard St SF CA,-122.4164857,37.7724907
730 Stanyan St SF CA,-122.45319655,37.76903655
659 Merchant St SF CA,-122.404156204082,37.7948665714286
601 Mission Bay SF CA,-122.3911712,37.7707742
5351 GEARY Blvd SF CA,-122.4255764,37.7851991
44 Tehama St SF CA,-122.396397426087,37.7874837351694
1070 Howard St SF CA,-122.416719142857,37.7560715714286
555 2nd St SF CA,-122.3926613,37.7825015
807 Ellis St SF CA,-122.41957877551,37.7839193877551
1516 Folsom St SF CA,-122.4144315,37.771744
2154 Mission St SF CA,-122.4291725,37.7308875
1400 Sutter St. SF CA,-122.4236423,37.7874885
115 Sansome St SF CA,-122.4009434,37.7912933
650 California St SF CA,-122.405219278902,37.79286695
678 Chenery St SF CA,-122.4336487,37.7345656
2850 21st St SF CA,-122.4115977,37.7575762
2436 Polk St SF CA,-122.4223108,37.799314
533 Jackson St SF CA,-122.404589,37.7962178
320 3rd St SF CA,-122.3988479,37.7835366
3951 Alemany Blvd SF CA,-122.4183263,37.7322283
1063 Market St SF CA,-122.3987948,37.7913412
426 Larkin St SF CA,-122.417106673469,37.7817647959184
1737 Buchanan St SF CA,-122.4275514,37.7743958
1684 Bryant St SF CA,-122.4106913,37.7658696
747 Howard St SF CA,-122.417002979592,37.7612149795918
401 Irving St SF CA,-122.4621735,37.7640977
2639 24th St SF CA,-122.405747489796,37.7529567142857
225 Powell St SF CA,-122.40819777551,37.7866916530612
127 Eddy St SF CA,-122.409663476226,37.7842203922396
2293 Mission St SF CA,-122.4291725,37.7308875
2424 Van Ness Ave SF CA,-122.42346145,37.7980129
498 Sanchez St SF CA,-122.430689,37.761272
2537 24th St. SF CA,-122.404752346939,37.7530156734694
333 Brannan St SF CA,-122.392365011175,37.7808795
800 Howard St SF CA,-122.417118,37.760238
115 New Montgomery St SF CA,-122.40002,37.7871861
2666 Ocean Ave SF CA,-122.4743271,37.7323268
1020 Valencia St. SF CA,-122.421237,37.7564777
24 Willie Mays Plaza SF CA,-122.390267454256,37.7786119
648 Bush St SF CA,-122.4080101,37.7903589
599 O'Farrell St SF CA,-122.4144707,37.7855009
101 Market St SF CA,-122.4182945,37.7762169
425 2nd St SF CA,-122.39445106584,37.78413175
587 Post St SF CA,-122.4113041,37.7878074
428 11th St SF CA,-122.412102253302,37.7700284
945 Sacramento St SF CA,-122.408762815789,37.7931299473684
1900 Folsom St SF CA,-122.4155598,37.766838
384 A Hayes St SF CA,-122.422648571429,37.777009
992 Market St SF CA,-122.408604391304,37.783738826087
3106 16th St SF CA,-122.4222097,37.7650363
50 Post St SF CA,-122.4043741,37.7888137
609 Market St. SF CA,-122.401488066667,37.7889854666667
1110 Ocean Ave SF CA,-122.4514762,37.7229098
83 9th St. SF CA,-122.415094555556,37.7766534444444
18 Boardman Pl SF CA,-122.403419941176,37.7748688823529
365 11th St SF CA,-122.412976734694,37.7711430612245
235 Montgomery St SF CA,-122.402573583333,37.7914019444444
633 Folsom St SF CA,-122.3974033,37.7846859
409 Illinois St. SF CA,-122.388040510204,37.7667525102041
308 Columbus Ave SF CA,-122.406753,37.798033
870 Market St SF CA,-122.407430117647,37.7843503529412
428 11th St SF CA,-122.412102253302,37.7700284
69 Bluxome St SF CA,-122.3973825,37.776173
2509 Bayshore Blvd SF CA,-122.4024376,37.7123201
2675 Geary Blvd SF CA,-122.4472154,37.7821167
201 8th St SF CA,-122.411173634267,37.7762937
24 Willie Mays Plaza SF CA,-122.390267454256,37.7786119
24 Willie Mays Plaza SF CA,-122.390267454256,37.7786119
428 11th St SF CA,-122.412102253302,37.7700284
550 DIVISADERO St SF CA,-122.437469453433,37.77479725
800 Howard St SF CA,-122.417118,37.760238
2109 Chestnut St SF CA,-122.43813277551,37.8004943673469
1345 Howard St SF CA,-122.416090285714,37.7516471836735
637 Larkin St SF CA,-122.4177987,37.7838789
2501 Phelps St SF CA,-122.400279,37.72969
1601 Lane St SF CA,-122.389779897959,37.7322326530612
655 Montgomery St SF CA,-122.403606776409,37.7952606
50 California St SF CA,-122.3975903,37.7942837
1765 California St SF CA,-122.4234142,37.7900899
135 Powell St SF CA,-122.408026489796,37.7858348367347
1485 Yosemite Ave SF CA,-122.389503857143,37.7255208571429
257 3rd St SF CA,-122.3996231,37.7845268
432 Octavia SF CA,-122.4265105,37.7863119
337 Kearny St SF CA,-122.404228,37.7912125
1634 Bush St SF CA,-122.4241007,37.7882946
1101 Potrero Ave SF CA,-122.406338,37.75416
1155 Folsom St SF CA,-122.408846930958,37.7756404
2730 21st St. SF CA,-122.4094529,37.7577226
428 11th St SF CA,-122.412102253302,37.7700284
2960 Clement St SF CA,-122.490856081633,37.7818285714286
2078 Hayes St SF CA,-122.450563326531,37.7734516938776
1494 California St SF CA,-122.4189316,37.7909494
428 11th St SF CA,-122.412102253302,37.7700284
1581 Webster SF CA,-122.4316446,37.7849097
2948 Folsom St SF CA,-122.413953346939,37.7501113061224
2948 Folsom St. SF CA,-122.413953346939,37.7501113061224
25 Maiden Ln SF CA,-122.404021653061,37.7882873061224
721 Lincoln Way SF CA,-122.465855,37.7658005
301 A Executive Park Blvd SF CA,-122.391925468049,37.711365746276
564 4th St SF CA,-122.393327,37.775891
160 14th St SF CA,-122.417006521739,37.7685356521739
1566 Carroll Ave. SF CA,-122.392644979592,37.7246698979592
1014 Clement St SF CA,-122.470041285714,37.7827718571429
151 3rd St SF CA,-122.400921824922,37.78583605
601 Mission Bay SF CA,-122.3911712,37.7707742
651 Brannan St. SF CA,-122.399696054054,37.7757081351351
2499 Mission St SF CA,-122.4291725,37.7308875
799 Bryant St SF CA,-122.3909786,37.7852596
2181 Irving St SF CA,-122.48110822449,37.7633040612245
24 Willie Mays Plaza SF CA,-122.390267454256,37.7786119
100 California St SF CA,-122.4229576,37.7904877
854 Geary St SF CA,-122.41735292122,37.7862780315012
670 B Commercial St SF CA,-122.404184571429,37.7941654285714
983 Valencia St SF CA,-122.4210172,37.7573161
125 3rd St. SF CA,-122.4013648,37.7860568
2948 Folsom St SF CA,-122.413953346939,37.7501113061224
580 California SF CA,-61.5489544,-32.5446227
496 Beach St SF CA,-122.4172767,37.8070989
1708 Irving St SF CA,-122.476377,37.7637177
2205 Clement St SF CA,-122.482915938776,37.7820316938775
2191 Union St SF CA,-122.435210938776,37.797040877551
Pier 45 SF CA,-122.4177162,37.8101189
451 Galvez Ave SF CA,-122.3886057,37.7411778
409 Illinois St SF CA,-122.388040510204,37.7667525102041
4715 Geary Blvd SF CA,-122.4255764,37.7851991
Off the Grid SF CA,-122.4314265,37.806651
3287 21st St SF CA,-122.420698636364,37.7568448181818
200 Pine St SF CA,-122.4000677,37.792333
428 11th St SF CA,-122.412102253302,37.7700284
99 Yerba Buena Lane SF CA,-122.40403,37.7855328
245 Market St SF CA,-122.396802938776,37.7926921836735
Off the Grid SF CA,-122.4314265,37.806651
600 York St SF CA,-122.409248,37.761688
Pier 33 SF CA,-122.404596391275,37.80790525
1 Kearny St SF CA,-122.4038894,37.7876445
24 Willie Mays Pl SF CA,-122.390267454256,37.7786119
452 Balboa St SF CA,-122.463504734694,37.7773399591837
670 Broadway St SF CA,-122.4081206,37.7978697
154 McAllister St SF CA,-122.414580390848,37.7808949363445
3501 Mission St. SF CA,-122.4227497,37.7408833
1247 Stockton St SF CA,-122.408681,37.797414
242-244 Gough St SF CA,-122.422635285714,37.7757158571429
2 New Montgomery St SF CA,-122.4023146,37.7882835
57 Columbus Ave SF CA,-122.404381,37.7961086
167 Leland Ave SF CA,-122.406885143256,37.7123260962257
1706 Church St SF CA,-122.4268364,37.7434738
1 Front St SF CA,-122.398851904709,37.7918825
5323 Geary Blvd SF CA,-122.4255764,37.7851991
1040 Revere Ave SF CA,-122.379971632653,37.725985122449
428 11th St SF CA,-122.412102253302,37.7700284
855 Bush St SF CA,-122.411306163265,37.7897557755102
1530 Haight St SF CA,-122.447587675656,37.77020915
555 Mission St SF CA,-122.398543674639,37.78852455
50 Phelan Ave SF CA,-122.451380126325,37.72594135
1801 Clement St SF CA,-122.478594,37.782219
28 6th St. SF CA,-122.409897,37.781741
3406 26th St SF CA,-122.4185317,37.7491023
3359 26th St SF CA,-122.417230833333,37.749013
3338 24th St SF CA,-122.4192673,37.7522957
4614 3rd St SF CA,-122.3980895,37.7179914
449 Castro St SF CA,-122.4349406,37.7617125
1220 Polk St SF CA,-122.420078384615,37.7880912307692
Off The Grid SF CA,-122.4314265,37.806651
2962 24th St. SF CA,-122.41128275,37.7527485
2201 Union St SF CA,-122.435627,37.796988
222 Battery St SF CA,-122.3998671,37.7935375
1100 Market St SF CA,-122.3987948,37.7913412
650 Gough St SF CA,-122.4233433,37.7793996
1409 Sutter St. SF CA,-122.423570043478,37.7872343043478
5170 Mission St SF CA,-122.441476446809,37.7160156382979
685 Market St SF CA,-122.4031247,37.7876386
3109 16th St. SF CA,-122.389086,37.7668962
501 Broadway St SF CA,-122.4171937,37.7964703
999 California SF CA,-61.5489544,-32.5446227
2216 Polk St SF CA,-122.421899,37.7971897
2257 Mason St SF CA,-122.413488423077,37.8045008846154
2891 San Bruno Ave. SF CA,-122.40261548,37.72553224
1155 Battery St SF CA,-122.401813734694,37.801869
687 Geary St SF CA,-122.414491928571,37.7864764285714
3605 Balboa St SF CA,-122.497499857143,37.7756246122449
