2449 23rd Street,-122.447587675656,37.77020915
909 Grant Avenue,-122.447587675656,37.77020915
888 Stockton Street,-122.447587675656,37.77020915
1001 South Van Ness Avenue,-122.447587675656,37.77020915
876 Geary Street,-122.447587675656,37.77020915
24 Willie Mays Plaza,-122.447587675656,37.77020915
726 Clement Street,-122.447587675656,37.77020915
1039 Stockton Street,-122.447587675656,37.77020915
200 Pine Street,-122.447587675656,37.77020915
2066 Chestnut Street,-122.447587675656,37.77020915
346 Kearny Street,-122.447587675656,37.77020915
500 Parnassus Avenue,-122.447587675656,37.77020915
655 Ellis Street,-122.447587675656,37.77020915
2444 Noriega Street,-122.447587675656,37.77020915
142 McAllister Street,-122.447587675656,37.77020915
24 Willie Mays Plaza,-122.447587675656,37.77020915
813 Cortland Avenue,-122.447587675656,37.77020915
1170 Powell Street,-122.447587675656,37.77020915
129 Ellis Street,-122.447587675656,37.77020915
1400 California Street,-122.447587675656,37.77020915
1896 Hyde Street,-122.447587675656,37.77020915
4036 Balboa Street,-122.447587675656,37.77020915
1051 Market Street,-122.447587675656,37.77020915
2339 Noriega Street,-122.447587675656,37.77020915
45 Conkling Street,-122.447587675656,37.77020915
2460 San Bruno Avenue,-122.447587675656,37.77020915
977 North Point Street,-122.447587675656,37.77020915
275 Battery Street,-122.447587675656,37.77020915
24 Willie Mays Plaza,-122.447587675656,37.77020915
24 Willie Mays Plaza,-122.447587675656,37.77020915
1355 Market Street,-122.447587675656,37.77020915
4683 Mission Street,-122.447587675656,37.77020915
1101 Stockton Street,-122.447587675656,37.77020915
958 Illinois Street,-122.447587675656,37.77020915
34 Mason Street,-122.447587675656,37.77020915
1101 Grant Avenue,-122.447587675656,37.77020915
1117 Stockton Street,-122.447587675656,37.77020915
210 Columbus Avenue,-122.447587675656,37.77020915
1408 Clement Street,-122.447587675656,37.77020915
1249 Stockton Street,-122.447587675656,37.77020915
1060 Hyde Street,-122.447587675656,37.77020915
720 Market Street,-122.447587675656,37.77020915
2049 Fillmore Street,-122.447587675656,37.77020915
153 Bacon Street,-122.447587675656,37.77020915
782 Arguello Boulevard,-122.447587675656,37.77020915
925 Larkin Street,-122.447587675656,37.77020915
507 Columbus Avenue,-122.447587675656,37.77020915
488 Haight Street,-122.447587675656,37.77020915
510 Stevenson Street,-122.447587675656,37.77020915
3193 Mission Street,-122.447587675656,37.77020915
1362 Stockton Street,-122.447587675656,37.77020915
1426 Polk Street,-122.447587675656,37.77020915
24 Willie Mays Plaza,-122.447587675656,37.77020915
3331 24th Street,-122.447587675656,37.77020915
998 Market Street,-122.447587675656,37.77020915
1608 Polk Street,-122.447587675656,37.77020915
1233 Van Ness Avenue,-122.447587675656,37.77020915
295 Orizaba Avenue,-122.447587675656,37.77020915
1740 Fillmore Street,-122.447587675656,37.77020915
2026 Mission Street,-122.447587675656,37.77020915
222 Sutter Street,-122.447587675656,37.77020915
120 Pine Street,-122.447587675656,37.77020915
3348 Steiner Street,-122.447587675656,37.77020915
205 Franklin Street,-122.447587675656,37.77020915
24 Willie Mays Plaza,-122.447587675656,37.77020915
2550 Van Ness Avenue,-122.447587675656,37.77020915
416 Bay Street,-122.447587675656,37.77020915
1801 San Jose Avenue,-122.447587675656,37.77020915
2500 Mason Street,-122.447587675656,37.77020915
4929 Mission Street,-122.447587675656,37.77020915
3619 Balboa Street,-122.447587675656,37.77020915
900 22nd Street,-122.447587675656,37.77020915
24 Willie Mays Plaza,-122.447587675656,37.77020915
448 Cortland Avenue,-122.447587675656,37.77020915
24 Willie Mays Plaza,-122.447587675656,37.77020915
324 South Van Ness Avenue,-122.447587675656,37.77020915
2541 San Bruno Avenue,-122.447587675656,37.77020915
3047 Mission Street,-122.447587675656,37.77020915
3226 Mission Street,-122.447587675656,37.77020915
2205 Lombard Street,-122.447587675656,37.77020915
28 Leland Avenue,-122.447587675656,37.77020915
1851 Noriega Street,-122.447587675656,37.77020915
235 2nd Street,-122.447587675656,37.77020915
600 Monterey Boulevard,-122.447587675656,37.77020915
845 Market Street,-122.447587675656,37.77020915
24 Willie Mays Plaza,-122.447587675656,37.77020915
299 Ellis Street,-122.447587675656,37.77020915
24 Willie Mays Plaza,-122.447587675656,37.77020915
2191 Irving Street,-122.447587675656,37.77020915
312 West Portal Ave,-122.447587675656,37.77020915
920 Geary Street,-122.447587675656,37.77020915
1000 Guerrero Street,-122.447587675656,37.77020915
2227 Irving Street,-122.447587675656,37.77020915
4001 Judah Street,-122.447587675656,37.77020915
3528 Balboa Street,-122.447587675656,37.77020915
896 Sutter Street,-122.447587675656,37.77020915
79 Sansome Street,-122.447587675656,37.77020915
24 Willie Mays Plaza,-122.447587675656,37.77020915
2500 Bryant Street,-122.447587675656,37.77020915
1924 Irving Street,-122.447587675656,37.77020915
570 Green Street,-122.447587675656,37.77020915
24 Willie Mays Plaza,-122.447587675656,37.77020915
1552 Polk Street,-122.447587675656,37.77020915
366 Golden Gate Avenue,-122.447587675656,37.77020915
1416 Bush Street,-122.447587675656,37.77020915
444 Battery Street,-122.447587675656,37.77020915
24 Willie Mays Plaza,-122.447587675656,37.77020915
423 Bush Street,-122.447587675656,37.77020915
413 10th Street,-122.447587675656,37.77020915
1650 Holloway Avenue,-122.447587675656,37.77020915
3088 Balboa Street,-122.447587675656,37.77020915
2520 San Bruno Avenue,-122.447587675656,37.77020915
1005 Guerrero Street,-122.447587675656,37.77020915
1548 Stockton Street,-122.447587675656,37.77020915
905 California Street,-122.447587675656,37.77020915
1551 Dolores Street,-122.447587675656,37.77020915
1753 Taraval Street,-122.447587675656,37.77020915
613 Faxon Avenue,-122.447587675656,37.77020915
3755 Noriega Street,-122.447587675656,37.77020915
602 Eddy Street,-122.447587675656,37.77020915
1335 Powell Street,-122.447587675656,37.77020915
1108 Stockton Street,-122.447587675656,37.77020915
1468 Hyde Street,-122.447587675656,37.77020915
24 Willie Mays Plaza,-122.447587675656,37.77020915
655 Union Street,-122.447587675656,37.77020915
800 Valencia Street,-122.447587675656,37.77020915
24 Willie Mays Plaza,-122.447587675656,37.77020915
1142 Valencia Street,-122.447587675656,37.77020915
45 Castro Street,-122.447587675656,37.77020915
24 Willie Mays Plaza,-122.447587675656,37.77020915
499 Castro Street,-122.447587675656,37.77020915
3188 Mission Street,-122.447587675656,37.77020915
555 Golden Gate Avenue,-122.447587675656,37.77020915
720 14th Street,-122.447587675656,37.77020915
1117 Fillmore Street,-122.447587675656,37.77020915
24 Willie Mays Plaza,-122.447587675656,37.77020915
732 Jackson Street,-122.447587675656,37.77020915
24 Willie Mays Plaza,-122.447587675656,37.77020915
330 Sutter Street,-122.447587675656,37.77020915
24 Willie Mays Plaza,-122.447587675656,37.77020915
535 Irving Street,-122.447587675656,37.77020915
24 Willie Mays Plaza,-122.447587675656,37.77020915
425 Hayes Street,-122.447587675656,37.77020915
417 Castro Street,-122.447587675656,37.77020915
24 Willie Mays Plaza,-122.447587675656,37.77020915
1360 9th Avenue,-122.447587675656,37.77020915
4523 Mission Street,-122.447587675656,37.77020915
2271 Union Street,-122.447587675656,37.77020915
24 Willie Mays Plaza,-122.447587675656,37.77020915
133 Clement Street,-122.447587675656,37.77020915
1650 Balboa Street,-122.447587675656,37.77020915
674 Broadway Street,-122.447587675656,37.77020915
24 Willie Mays Plaza,-122.447587675656,37.77020915
3275 22nd Street,-122.447587675656,37.77020915
211 Valencia Street,-122.447587675656,37.77020915
665 Market Street,-122.447587675656,37.77020915
3139 Mission Street,-122.447587675656,37.77020915
1116 Polk Street,-122.447587675656,37.77020915
642 Clement Street,-122.447587675656,37.77020915
317 Connecticut Street,-122.447587675656,37.77020915
4994 Mission Street,-122.447587675656,37.77020915
24 Willie Mays Plaza,-122.447587675656,37.77020915
3130 Fillmore Street,-122.447587675656,37.77020915
1793 Haight Street,-122.447587675656,37.77020915
1380 Sutter Street,-122.447587675656,37.77020915
3388 24th Street,-122.447587675656,37.77020915
915 Kearny Street,-122.447587675656,37.77020915
751 Diamond Street,-122.447587675656,37.77020915
1255 22nd Street,-122.447587675656,37.77020915
806 South Van Ness Avenue,-122.447587675656,37.77020915
2031 Polk Street,-122.447587675656,37.77020915
24 Willie Mays Plaza,-122.447587675656,37.77020915
47 Franklin Street,-122.447587675656,37.77020915
280 Golden Gate Avenue,-122.447587675656,37.77020915
850 Bush Street,-122.447587675656,37.77020915
3613 Sacramento Street,-122.447587675656,37.77020915
332 Clement Street,-122.447587675656,37.77020915
2435 Clement Street,-122.447587675656,37.77020915
24 Willie Mays Plaza,-122.447587675656,37.77020915
55 2nd Street,-122.447587675656,37.77020915
4773 Mission Street,-122.447587675656,37.77020915
1404 Taraval Street,-122.447587675656,37.77020915
24 Willie Mays Plaza,-122.447587675656,37.77020915
2950 21st Street,-122.447587675656,37.77020915
177 Eddy Street,-122.447587675656,37.77020915
3750 Geary Boulevard,-122.447587675656,37.77020915
820 Ulloa Street,-122.447587675656,37.77020915
1398 Grant Avenue,-122.447587675656,37.77020915
358 Beach Street,-122.447587675656,37.77020915
2144 Chestnut Street,-122.447587675656,37.77020915
1735 Polk Street,-122.447587675656,37.77020915
411 Ellis Street,-122.447587675656,37.77020915
1945 Hyde Street,-122.447587675656,37.77020915
1355 Market Street,-122.447587675656,37.77020915
1096 South Van Ness Avenue,-122.447587675656,37.77020915
1082 Folsom Street,-122.447587675656,37.77020915
294 Turk Street,-122.447587675656,37.77020915
641 Irving Street,-122.447587675656,37.77020915
250 Montgomery Street,-122.447587675656,37.77020915
930 Bush Street,-122.447587675656,37.77020915
535 Florida Street,-122.447587675656,37.77020915
1079 Lombard Street,-122.447587675656,37.77020915
24 Willie Mays Plaza,-122.447587675656,37.77020915
428 11th Street,-122.447587675656,37.77020915
1501 Noriega Street,-122.447587675656,37.77020915
50 Phelan Avenue,-122.447587675656,37.77020915
428 11th Street,-122.447587675656,37.77020915
1324 Fitzgerald Avenue,-122.447587675656,37.77020915
1746 Post Street,-122.447587675656,37.77020915
55 Music Concourse Drive,-122.447587675656,37.77020915
3000 24th Street,-122.447587675656,37.77020915
515 Bay Street,-122.447587675656,37.77020915
1316 Noriega Street,-122.447587675656,37.77020915
322 Kearny Street,-122.447587675656,37.77020915
2032 Union Street,-122.447587675656,37.77020915
2437 Noriega Street,-122.447587675656,37.77020915
1109 Fillmore Street,-122.447587675656,37.77020915
140 New Montgomery Street,-122.447587675656,37.77020915
1958 Polk Street,-122.447587675656,37.77020915
4788 Mission Street,-122.447587675656,37.77020915
65 Cambon Drive,-122.447587675656,37.77020915
245 Jefferson Street,-122.447587675656,37.77020915
256 Columbus Avenue,-122.447587675656,37.77020915
1901 San Jose Avenue,-122.447587675656,37.77020915
3998 18th Street,-122.447587675656,37.77020915
1323 Columbus Avenue,-122.447587675656,37.77020915
2225 Jennings Street,-122.447587675656,37.77020915
1330 Noriega Street,-122.447587675656,37.77020915
360 Ritch Street,-122.447587675656,37.77020915
24 Willie Mays Plaza,-122.447587675656,37.77020915
2218 Irving Street,-122.447587675656,37.77020915
701 Cole Street,-122.447587675656,37.77020915
1299 Pacific Avenue,-122.447587675656,37.77020915
3324 24th Street,-122.447587675656,37.77020915
500 Post Street,-122.447587675656,37.77020915
1198 Treat Avenue,-122.447587675656,37.77020915
559 Divisadero Street,-122.447587675656,37.77020915
550 Kearny Street,-122.447587675656,37.77020915
170 O'Farrell Street,-122.447587675656,37.77020915
314 Church Street,-122.447587675656,37.77020915
2101 Ingalls Street,-122.447587675656,37.77020915
1222 Noriega Street,-122.447587675656,37.77020915
500 Post Street,-122.447587675656,37.77020915
1555 Mariposa Street,-122.447587675656,37.77020915
710 Florida Street,-122.447587675656,37.77020915
2300 16th Street,-122.447587675656,37.77020915
3065 Jackson Street,-122.447587675656,37.77020915
1095 Hyde Street,-122.447587675656,37.77020915
253 Church Street,-122.447587675656,37.77020915
1069 Pennsylvania Avenue,-122.447587675656,37.77020915
1525 Fillmore Street,-122.447587675656,37.77020915
628 20th Street,-122.447587675656,37.77020915
398 Dolores Street,-122.447587675656,37.77020915
1500 Irving Street,-122.447587675656,37.77020915
364 Hayes Street,-122.447587675656,37.77020915
233 Winston Drive,-122.447587675656,37.77020915
517 Hayes Street,-122.447587675656,37.77020915
425 Barneveld Avenue,-122.447587675656,37.77020915
24 Willie Mays Plaza,-122.447587675656,37.77020915
4 The Embarcadero,-122.447587675656,37.77020915
1247 Polk Street,-122.447587675656,37.77020915
24 Willie Mays Plaza,-122.447587675656,37.77020915
1422 Market Street,-122.447587675656,37.77020915
2701 Leavenworth Street,-122.447587675656,37.77020915
499 Monterey Boulevard,-122.447587675656,37.77020915
1355 Market Street,-122.447587675656,37.77020915
3876 Noriega Street,-122.447587675656,37.77020915
3224 22nd Street,-122.447587675656,37.77020915
581 Hayes Street,-122.447587675656,37.77020915
24 Willie Mays Plaza,-122.447587675656,37.77020915
1401 Polk Street,-122.447587675656,37.77020915
24 Willie Mays Plaza,-122.447587675656,37.77020915
401 Hayes Street,-122.447587675656,37.77020915
776 Broadway Street,-122.447587675656,37.77020915
549 Castro Street,-122.447587675656,37.77020915
3122 16th Street,-122.447587675656,37.77020915
500 Post Street,-122.447587675656,37.77020915
24 Willie Mays Plaza,-122.447587675656,37.77020915
1375 Fillmore Street,-122.447587675656,37.77020915
2809 24th Street,-122.447587675656,37.77020915
2203 Irving Street,-122.447587675656,37.77020915
2704 24th Street,-122.447587675656,37.77020915
2339 Clement Street,-122.447587675656,37.77020915
3033 24th Street,-122.447587675656,37.77020915
350 Golden Gate Avenue,-122.447587675656,37.77020915
1838 Union Street,-122.447587675656,37.77020915
701 Haight Street,-122.447587675656,37.77020915
24 Willie Mays Plaza,-122.447587675656,37.77020915
549 Irving Street,-122.447587675656,37.77020915
133 6th Street,-122.447587675656,37.77020915
2 Trinity Place,-122.447587675656,37.77020915
16 California Street,-122.447587675656,37.77020915
5 Lenox Way,-122.447587675656,37.77020915
709 Larkin Street,-122.447587675656,37.77020915
3515 20th Street,-122.447587675656,37.77020915
124 Columbus Avenue,-122.447587675656,37.77020915
185 Sutter Street,-122.447587675656,37.77020915
1355 Market Street,-122.447587675656,37.77020915
2065 Polk Street,-122.447587675656,37.77020915
1520 South Van Ness Avenue,-122.447587675656,37.77020915
600 Monterey Boulevard,-122.447587675656,37.77020915
3248 18th Street,-122.447587675656,37.77020915
115 Sansome Street,-122.447587675656,37.77020915
77 McAllister Street,-122.447587675656,37.77020915
596 O'Farrell Street,-122.447587675656,37.77020915
4829 Mission Street,-122.447587675656,37.77020915
428 11th Street,-122.447587675656,37.77020915
724 La Playa Street,-122.5100026,37.7747769
1919 Irving Street,-122.5100026,37.7747769
1290 Sutter Street,-122.5100026,37.7747769
1099 Tennessee Street,-122.5100026,37.7747769
600 O'Farrell Street,-122.5100026,37.7747769
1039 Ocean Avenue,-122.5100026,37.7747769
3088 24th Street,-122.5100026,37.7747769
400 Haight Street,-122.5100026,37.7747769
3239 22nd Street,-122.5100026,37.7747769
2436 Clement Street,-122.5100026,37.7747769
644 Polk Street,-122.5100026,37.7747769
24 Willie Mays Plaza,-122.5100026,37.7747769
2199 Mission Street,-122.5100026,37.7747769
2240 Mission Street,-122.5100026,37.7747769
219 King Street,-122.5100026,37.7747769
500 Post Street,-122.5100026,37.7747769
1055 Ellis Street,-122.5100026,37.7747769
4080 18th Street,-122.5100026,37.7747769
3717 Balboa Street,-122.5100026,37.7747769
2257 Chestnut Street,-122.5100026,37.7747769
825 Brotherhood Way,-122.5100026,37.7747769
499 Illinois Street,-122.5100026,37.7747769
615 Jackson Street,-122.5100026,37.7747769
2268 Chestnut Street,-122.5100026,37.7747769
709 O'Farrell Street,-122.5100026,37.7747769
3481 18th Street,-122.5100026,37.7747769
495 Beach Street,-122.5100026,37.7747769
1689 Church Street,-122.5100026,37.7747769
718 Irving Street,-122.5100026,37.7747769
2 The Embarcadero,-122.5100026,37.7747769
531 Commercial Street,-122.5100026,37.7747769
484 Ellis Street,-122.5100026,37.7747769
201 Ellis Street,-122.5100026,37.7747769
5479 Mission Street,-122.5100026,37.7747769
191 Pine Street,-122.5100026,37.7747769
431 2nd Street,-122.5100026,37.7747769
690 Market Street,-122.5100026,37.7747769
4543 Mission Street,-122.5100026,37.7747769
3221 Mission Street,-122.5100026,37.7747769
3015 Mission Street,-122.5100026,37.7747769
1040 Polk Street,-122.5100026,37.7747769
1210 Stockton Street,-122.5100026,37.7747769
920 Sutter Street,-122.5100026,37.7747769
1654 Haight Street,-122.449410064516,37.769775516129
1398 Mission Street,-122.449410064516,37.769775516129
407 Clement Street,-122.449410064516,37.769775516129
173 Eddy Street,-122.449410064516,37.769775516129
1200 Irving Street,-122.449410064516,37.769775516129
431 Balboa Street,-122.449410064516,37.769775516129
100 Connecticut Street,-122.449410064516,37.769775516129
14 Mint Plaza,-122.449410064516,37.769775516129
1400 Yosemite Avenue,-122.449410064516,37.769775516129
4599 Mission Street,-122.449410064516,37.769775516129
44 West Portal Ave,-122.449410064516,37.769775516129
1000 Clement Street,-122.449410064516,37.769775516129
951 Clement Street,-122.449410064516,37.769775516129
643 Post Street,-122.449410064516,37.769775516129
1515 Polk Street,-122.449410064516,37.769775516129
731 Irving Street,-122.449410064516,37.769775516129
3452 Mission Street,-122.449410064516,37.769775516129
1781 Church Street,-122.449410064516,37.769775516129
1434 Lombard Street,-122.449410064516,37.769775516129
79 Jefferson Street,-122.449410064516,37.769775516129
2237 Taraval Street,-122.449410064516,37.769775516129
1690 Valencia Street,-122.449410064516,37.769775516129
219 Jones Street,-122.449410064516,37.769775516129
340 Jefferson Street,-122.449410064516,37.769775516129
901 Polk Street,-122.449410064516,37.769775516129
1640 Haight Street,-122.449238677419,37.7697974193548
675 Broadway Street,-122.449238677419,37.7697974193548
348 Columbus Avenue,-122.449238677419,37.7697974193548
2125 Polk Street,-122.449238677419,37.7697974193548
1355 Sutter Street,-122.449238677419,37.7697974193548
101 Cyril Magnin Street,-122.449238677419,37.7697974193548
491 O'Farrell Street,-122.449238677419,37.7697974193548
2501 San Bruno Avenue,-122.449238677419,37.7697974193548
2282 Mission Street,-122.449238677419,37.7697974193548
4808 Mission Street,-122.449238677419,37.7697974193548
3558 23rd Street,-122.449238677419,37.7697974193548
631 Larkin Street,-122.449238677419,37.7697974193548
55 Cambon Drive,-122.449238677419,37.7697974193548
3166 24th Street,-122.449238677419,37.7697974193548
7001 Geary Boulevard,-122.449238677419,37.7697974193548
397 Arguello Boulevard,-122.449238677419,37.7697974193548
1600 Stockton Street,-122.449238677419,37.7697974193548
1915 Irving Street,-122.449238677419,37.7697974193548
624 Irving Street,-122.449238677419,37.7697974193548
201 2nd Street,-122.449238677419,37.7697974193548
836 Irving Street,-122.449238677419,37.7697974193548
339 Taraval Street,-122.449238677419,37.7697974193548
501 O'Farrell Street,-122.449238677419,37.7697974193548
3868 24th Street,-122.449238677419,37.7697974193548
2240 Chestnut Street,-122.449238677419,37.7697974193548
601 Van Ness Avenue,-122.449238677419,37.7697974193548
5454 Mission Street,-122.449238677419,37.7697974193548
1418 Haight Street,-122.449238677419,37.7697974193548
609 Hayes Street,-122.449238677419,37.7697974193548
1324 Fitzgerald Avenue,-122.449238677419,37.7697974193548
2565 Mission Street,-122.449238677419,37.7697974193548
1998 Polk Street,-122.449238677419,37.7697974193548
2234 Mission Street,-122.449238677419,37.7697974193548
908 Clement Street,-122.449238677419,37.7697974193548
301 West Portal Ave,-122.449238677419,37.7697974193548
4230 18th Street,-122.449238677419,37.7697974193548
390 Clementina Street,-122.449238677419,37.7697974193548
1737 Balboa Street,-122.449238677419,37.7697974193548
1415 18th Street,-122.449238677419,37.7697974193548
1631 20th Street,-122.449238677419,37.7697974193548
595 Alabama Street,-122.449238677419,37.7697974193548
505 Beach Street,-122.449238677419,37.7697974193548
802 Font Boulevard,-122.449238677419,37.7697974193548
550 Grant Avenue,-122.449238677419,37.7697974193548
1900 Clement Street,-122.449238677419,37.7697974193548
1100 Fillmore Street,-122.449238677419,37.7697974193548
135 Powell Street,-122.449238677419,37.7697974193548
1220 16th Street,-122.449238677419,37.7697974193548
2109 Clement Street,-122.449238677419,37.7697974193548
650 Market Street,-122.449238677419,37.7697974193548
55 Music Concourse Drive,-122.449238677419,37.7697974193548
150 Waverly Place,-122.449238677419,37.7697974193548
648 Pacific Avenue,-122.449238677419,37.7697974193548
500 Hayes Street,-122.449238677419,37.7697974193548
1298 Church Street,-122.449238677419,37.7697974193548
24 Willie Mays Plaza,-122.449238677419,37.7697974193548
641 Vallejo Street,-122.449238677419,37.7697974193548
98 Mission Street,-122.449238677419,37.7697974193548
3115 22nd Street,-122.449238677419,37.7697974193548
52 Belden Place,-122.449238677419,37.7697974193548
4555 California Street,-122.449238677419,37.7697974193548
1735 Noriega Street,-122.449238677419,37.7697974193548
1875 Union Street,-122.449238677419,37.7697974193548
1030 Taraval Street,-122.449238677419,37.7697974193548
1466 Haight Street,-122.449238677419,37.7697974193548
468 Ellis Street,-122.449238677419,37.7697974193548
736 Mission Street,-122.449238677419,37.7697974193548
3344 Steiner Street,-122.449238677419,37.7697974193548
681 Broadway Street,-122.449238677419,37.7697974193548
1401 18th Street,-122.449238677419,37.7697974193548
1814 Clement Street,-122.449238677419,37.7697974193548
1979 Mission Street,-122.449238677419,37.7697974193548
5249 Mission Street,-122.449238677419,37.7697974193548
2701 San Bruno Avenue,-122.449238677419,37.7697974193548
1920 Irving Street,-122.449238677419,37.7697974193548
1755 Polk Street,-122.449238677419,37.7697974193548
560 Larkin Street,-122.449238677419,37.7697974193548
5 The Embarcadero,-122.449238677419,37.7697974193548
428 11th Street,-122.449238677419,37.7697974193548
425 Ellis Street,-122.449238677419,37.7697974193548
3491 19th Street,-122.449238677419,37.7697974193548
425 Barneveld Avenue,-122.449238677419,37.7697974193548
24 Willie Mays Plaza,-122.449238677419,37.7697974193548
1469 18th Street,-122.449238677419,37.7697974193548
1160 South Van Ness Avenue,-122.449238677419,37.7697974193548
248 Fillmore Street,-122.449238677419,37.7697974193548
4166 24th Street,-122.449238677419,37.7697974193548
552 Green Street,-122.449238677419,37.7697974193548
2001 Chestnut Street,-122.449238677419,37.7697974193548
1528 Fillmore Street,-122.449238677419,37.7697974193548
3303 Mission Street,-122.449238677419,37.7697974193548
2342 Clement Street,-122.449238677419,37.7697974193548
2836 Franklin Street,-122.449238677419,37.7697974193548
1970 Innes Avenue,-122.449238677419,37.7697974193548
581 Hayes Street,-122.449238677419,37.7697974193548
1671 Haight Street,-122.449985846154,37.7695348461538
670 Larkin Street,-122.449985846154,37.7695348461538
24 Willie Mays Plaza,-122.449985846154,37.7695348461538
960 Cole Street,-122.449985846154,37.7695348461538
940 Filbert Street,-122.449985846154,37.7695348461538
25 Grove Street,-122.449985846154,37.7695348461538
5700 Geary Boulevard,-122.449985846154,37.7695348461538
1309 Howard Street,-122.449985846154,37.7695348461538
3230 Mission Street,-122.449985846154,37.7695348461538
995 Valencia Street,-122.449985846154,37.7695348461538
271 Francisco Street,-122.449985846154,37.7695348461538
1395 Noriega Street,-122.449985846154,37.7695348461538
685 Beach Street,-122.449985846154,37.7695348461538
2810 Diamond Street,-122.449985846154,37.7695348461538
917 Taraval Street,-122.449985846154,37.7695348461538
2511 Noriega Street,-122.449985846154,37.7695348461538
925 Kearny Street,-122.449985846154,37.7695348461538
428 11th Street,-122.449985846154,37.7695348461538
1506 Fillmore Street,-122.449985846154,37.7695348461538
1042 Taraval Street,-122.449985846154,37.7695348461538
1701 Greenwich Street,-122.449985846154,37.7695348461538
773 Market Street,-122.449985846154,37.7695348461538
24 Willie Mays Plaza,-122.449985846154,37.7695348461538
407 Ellis Street,-122.449985846154,37.7695348461538
2116 Irving Street,-122.449985846154,37.7695348461538
1111 Mission Street,-122.449985846154,37.7695348461538
59 30th Street,-122.449985846154,37.7695348461538
425 Barneveld Avenue,-122.449985846154,37.7695348461538
1428 Haight Street,-122.449985846154,37.7695348461538
1079 Lombard Street,-122.449985846154,37.7695348461538
428 11th Street,-122.449985846154,37.7695348461538
2550 Mission Street,-122.449985846154,37.7695348461538
1788 32nd Avenue,-122.449985846154,37.7695348461538
1152 Valencia Street,-122.449985846154,37.7695348461538
133 O'Farrell Street,-122.449985846154,37.7695348461538
800 Font Boulevard,-122.449985846154,37.7695348461538
4108 24th Street,-122.449985846154,37.7695348461538
1000 South Van Ness Avenue,-122.449985846154,37.7695348461538
2049 Irving Street,-122.449985846154,37.7695348461538
340 Grove Street,-122.449985846154,37.7695348461538
798 South Van Ness Avenue,-122.449985846154,37.7695348461538
555 Beach Street,-122.449985846154,37.7695348461538
2501 Phelps Street,-122.449985846154,37.7695348461538
2346 Chestnut Street,-122.449985846154,37.7695348461538
2328 Irving Street,-122.449985846154,37.7695348461538
1701 Fillmore Street,-122.449985846154,37.7695348461538
3376 18th Street,-122.449985846154,37.7695348461538
236 Clement Street,-122.449985846154,37.7695348461538
1150 Ocean Avenue,-122.449985846154,37.7695348461538
275 Battery Street,-122.449985846154,37.7695348461538
833 Cortland Avenue,-122.449985846154,37.7695348461538
1517 Pine Street,-122.449985846154,37.7695348461538
4697 Mission Street,-122.449985846154,37.7695348461538
3368 19th Street,-122.449985846154,37.7695348461538
557 Howard Street,-122.449985846154,37.7695348461538
1488 Pine Street,-122.449985846154,37.7695348461538
211 Clement Street,-122.449985846154,37.7695348461538
1905 Mission Street,-122.449985846154,37.7695348461538
581 Eddy Street,-122.449985846154,37.7695348461538
293 Bayshore Boulevard,-122.449985846154,37.7695348461538
4581 Mission Street,-122.449985846154,37.7695348461538
428 11th Street,-122.449985846154,37.7695348461538
431 2nd Street,-122.449985846154,37.7695348461538
1300 9th Avenue,-122.449985846154,37.7695348461538
768 Jackson Street,-122.449985846154,37.7695348461538
62 Turk Street,-122.449985846154,37.7695348461538
260 5th Street,-122.449985846154,37.7695348461538
1256 7th Avenue,-122.449985846154,37.7695348461538
614 Pine Street,-122.449985846154,37.7695348461538
820 Cortland Avenue,-122.449985846154,37.7695348461538
2045 Irving Street,-122.449985846154,37.7695348461538
2241 Judah Street,-122.449985846154,37.7695348461538
2847 Mission Street,-122.449985846154,37.7695348461538
537 Octavia Street,-122.449985846154,37.7695348461538
199 Valencia Street,-122.449985846154,37.7695348461538
428 11th Street,-122.449985846154,37.7695348461538
1310 Grant Avenue,-122.449985846154,37.7695348461538
458 Grove Street,-122.449985846154,37.7695348461538
2174 Market Street,-122.449985846154,37.7695348461538
2325 Pine Street,-122.449985846154,37.7695348461538
41 Franklin Street,-122.449985846154,37.7695348461538
321 Kearny Street,-122.449985846154,37.7695348461538
24 Willie Mays Plaza,-122.449985846154,37.7695348461538
24 Willie Mays Plaza,-122.449985846154,37.7695348461538
63 Ellis Street,-122.449985846154,37.7695348461538
1258 Minnesota Street,-122.449985846154,37.7695348461538
4448 Mission Street,-122.449985846154,37.7695348461538
601 South Van Ness Avenue,-122.449985846154,37.7695348461538
1525 Pine Street,-122.449985846154,37.7695348461538
525 Commercial Street,-122.449985846154,37.7695348461538
2407 Judah Street,-122.449985846154,37.7695348461538
4950 Mission Street,-122.449985846154,37.7695348461538
1143 Taraval Street,-122.449985846154,37.7695348461538
1830 Ocean Avenue,-122.449985846154,37.7695348461538
174 Valencia Street,-122.449985846154,37.7695348461538
2800 Leavenworth Street,-122.449985846154,37.7695348461538
505 Howard Street,-122.449985846154,37.7695348461538
784 O'Farrell Street,-122.449985846154,37.7695348461538
24 Willie Mays Plaza,-122.449985846154,37.7695348461538
66 Dorman Avenue,-122.449985846154,37.7695348461538
242 Columbus Avenue,-122.449985846154,37.7695348461538
1544 15th Street,-122.449985846154,37.7695348461538
111 Cambon Drive,-122.449985846154,37.7695348461538
2399 Van Ness Avenue,-122.449985846154,37.7695348461538
2922 Diamond Street,-122.449985846154,37.7695348461538
2229 Clement Street,-122.449985846154,37.7695348461538
1401 Stockton Street,-122.449985846154,37.7695348461538
408 Dewey Boulevard,-122.449985846154,37.7695348461538
2341 Folsom Street,-122.449985846154,37.7695348461538
2824 Jones Street,-122.449985846154,37.7695348461538
1750 Market Street,-122.449985846154,37.7695348461538
2272 Chestnut Street,-122.449985846154,37.7695348461538
341 Kearny Street,-122.449985846154,37.7695348461538
2462 San Bruno Avenue,-122.449985846154,37.7695348461538
691 Market Street,-122.449985846154,37.7695348461538
2305 Irving Street,-122.449985846154,37.7695348461538
3251 20th Avenue,-122.449985846154,37.7695348461538
1325 Florida Street,-122.449985846154,37.7695348461538
1000 Cole Street,-122.449985846154,37.7695348461538
1817 Polk Street,-122.449985846154,37.7695348461538
3123 Clement Street,-122.449985846154,37.7695348461538
24 Willie Mays Plaza,-122.449985846154,37.7695348461538
925 Cortland Avenue,-122.449985846154,37.7695348461538
242 King Street,-122.449985846154,37.7695348461538
3416 19th Street,-122.449985846154,37.7695348461538
2501 Mariposa Street,-122.449985846154,37.7695348461538
227 Front Street,-122.449985846154,37.7695348461538
1750 Polk Street,-122.449985846154,37.7695348461538
3066 24th Street,-122.449985846154,37.7695348461538
764 Harrison Street,-122.449985846154,37.7695348461538
24 Willie Mays Plaza,-122.449985846154,37.7695348461538
214 Sutter Street,-122.449985846154,37.7695348461538
226 Kearny Street,-122.449985846154,37.7695348461538
701 Larkin Street,-122.449985846154,37.7695348461538
84 9th Street,-122.449985846154,37.7695348461538
5300 Mission Street,-122.449985846154,37.7695348461538
420 Judah Street,-122.449985846154,37.7695348461538
3230 Mission Street,-122.449985846154,37.7695348461538
401 Judah Street,-122.449985846154,37.7695348461538
5238 Diamond Heights Boulevard,-122.449985846154,37.7695348461538
1 The Embarcadero,-122.449985846154,37.7695348461538
353 Columbus Avenue,-122.449985846154,37.7695348461538
524 Union Street,-122.449985846154,37.7695348461538
914 Clement Street,-122.449985846154,37.7695348461538
1030 Taraval Street,-122.449985846154,37.7695348461538
900 Sutter Street,-122.449985846154,37.7695348461538
2095 Chestnut Street,-122.449985846154,37.7695348461538
131 Lenox Way,-122.449985846154,37.7695348461538
4591 Mission Street,-122.449985846154,37.7695348461538
1919 Union Street,-122.449985846154,37.7695348461538
850 La Playa Street,-122.509362090425,37.77242235
803 Cortland Avenue,-122.509362090425,37.77242235
716 Columbus Avenue,-122.509362090425,37.77242235
24 Willie Mays Plaza,-122.509362090425,37.77242235
3801 24th Street,-122.509362090425,37.77242235
428 11th Street,-122.509362090425,37.77242235
950 Mason Street,-122.509362090425,37.77242235
1 Clement Street,-122.509362090425,37.77242235
2350 Noriega Street,-122.509362090425,37.77242235
601 Broadway Street,-122.509362090425,37.77242235
1424 Lombard Street,-122.509362090425,37.77242235
4092 18th Street,-122.509362090425,37.77242235
713 Clay Street,-122.509362090425,37.77242235
1352 9th Avenue,-122.509362090425,37.77242235
1243 Van Ness Avenue,-122.509362090425,37.77242235
329 West Portal Ave,-122.509362090425,37.77242235
464 Castro Street,-122.509362090425,37.77242235
401 Balboa Street,-122.509362090425,37.77242235
4000 24th Street,-122.509362090425,37.77242235
1085 Sutter Street,-122.509362090425,37.77242235
1098 Sutter Street,-122.509362090425,37.77242235
59 Columbus Avenue,-122.509362090425,37.77242235
1748 Church Street,-122.509362090425,37.77242235
335 Jones Street,-122.509362090425,37.77242235
2760 Octavia Street,-122.509362090425,37.77242235
1033 Taraval Street,-122.509362090425,37.77242235
3925 Irving Street,-122.509362090425,37.77242235
659 Townsend Street,-122.509362090425,37.77242235
517 O'Farrell Street,-122.509362090425,37.77242235
134 Golden Gate Avenue,-122.509362090425,37.77242235
2226 Polk Street,-122.509362090425,37.77242235
1419 Haight Street,-122.509362090425,37.77242235
3438 Mission Street,-122.509362090425,37.77242235
700 Monterey Boulevard,-122.509362090425,37.77242235
1368 9th Avenue,-122.509362090425,37.77242235
301 Pine Street,-122.509362090425,37.77242235
4780 Mission Street,-122.509362090425,37.77242235
50 Fremont Street,-122.509362090425,37.77242235
950 Mason Street,-122.509362090425,37.77242235
1400 Taraval Street,-122.509362090425,37.77242235
474 Geary Street,-122.509362090425,37.77242235
1821 Haight Street,-122.509362090425,37.77242235
501 Dolores Street,-122.509362090425,37.77242235
1000 South Van Ness Avenue,-122.509362090425,37.77242235
4794 Mission Street,-122.509362090425,37.77242235
535 Octavia Street,-122.509362090425,37.77242235
428 11th Street,-122.509362090425,37.77242235
154 Ellis Street,-122.509362090425,37.77242235
3251 20th Avenue,-122.509362090425,37.77242235
149 Fell Street,-122.509362090425,37.77242235
532 Green Street,-122.509362090425,37.77242235
544 Clement Street,-122.509362090425,37.77242235
2845 Mission Street,-122.509362090425,37.77242235
1 Front Street,-122.509362090425,37.77242235
2300 16th Street,-122.509362090425,37.77242235
822 Irving Street,-122.509362090425,37.77242235
532 Jones Street,-122.509362090425,37.77242235
2455 Mason Street,-122.509362090425,37.77242235
1534 California Street,-122.509362090425,37.77242235
2333 Irving Street,-122.509362090425,37.77242235
2301 Bryant Street,-122.509362090425,37.77242235
1330 25th Street,-122.509362090425,37.77242235
3325 24th Street,-122.509362090425,37.77242235
3815 Noriega Street,-122.509362090425,37.77242235
424 Clay Street,-122.509362090425,37.77242235
599 Monterey Boulevard,-122.509362090425,37.77242235
2154 Irving Street,-122.509362090425,37.77242235
2111 Harrison Street,-122.509362090425,37.77242235
401 Van Ness Avenue,-122.509362090425,37.77242235
400 Irving Street,-122.509362090425,37.77242235
170 O'Farrell Street,-122.509362090425,37.77242235
535 Folsom Street,-122.509362090425,37.77242235
2146 Irving Street,-122.509362090425,37.77242235
3420 Balboa Street,-122.509362090425,37.77242235
211 Sutter Street,-122.509362090425,37.77242235
1760 Polk Street,-122.509362090425,37.77242235
331 Cortland Avenue,-122.509362090425,37.77242235
474 Columbus Avenue,-122.509362090425,37.77242235
2427 Noriega Street,-122.509362090425,37.77242235
655 Jackson Street,-122.509362090425,37.77242235
3251 20th Avenue,-122.509362090425,37.77242235
408 Montgomery Street,-122.509362090425,37.77242235
138 Minna Street,-122.509362090425,37.77242235
2111 Harrison Street,-122.509362090425,37.77242235
4235 19th Street,-122.509362090425,37.77242235
2551 Noriega Street,-122.509362090425,37.77242235
1639 Irving Street,-122.509362090425,37.77242235
547 Hyde Street,-122.509362090425,37.77242235
919 Cole Street,-122.509362090425,37.77242235
999 Valencia Street,-122.509362090425,37.77242235
747 Market Street,-122.509362090425,37.77242235
3420 Judah Street,-122.509362090425,37.77242235
1782 Haight Street,-122.509362090425,37.77242235
716 Kearny Street,-122.509362090425,37.77242235
1701 Jones Street,-122.509362090425,37.77242235
3111 24th Street,-122.509362090425,37.77242235
2425 Geary Boulevard,-122.509362090425,37.77242235
974 Valencia Street,-122.509362090425,37.77242235
717 Monterey Boulevard,-122.509362090425,37.77242235
345 Eddy Street,-122.509362090425,37.77242235
1101 4th Street,-122.509362090425,37.77242235
168 Sutter Street,-122.509362090425,37.77242235
3153 17th Street,-122.509362090425,37.77242235
781 Mission Street,-122.509362090425,37.77242235
652 Pacific Avenue,-122.509362090425,37.77242235
1538 Fillmore Street,-122.509362090425,37.77242235
24 Willie Mays Plaza,-122.509362090425,37.77242235
1775 17th Street,-122.509362090425,37.77242235
4068 18th Street,-122.509362090425,37.77242235
2675 Geary Boulevard,-122.509362090425,37.77242235
55 Music Concourse Drive,-122.509362090425,37.77242235
317 Sanchez Street,-122.509362090425,37.77242235
231 Franklin Street,-122.509362090425,37.77242235
1002 Potrero Avenue,-122.509362090425,37.77242235
2055 Union Street,-122.509362090425,37.77242235
747 Market Street,-122.509362090425,37.77242235
2325 Taraval Street,-122.509362090425,37.77242235
1307 Sutter Street,-122.509362090425,37.77242235
2605 Ocean Avenue,-122.509362090425,37.77242235
2150 Irving Street,-122.509362090425,37.77242235
1601 Lane Street,-122.509362090425,37.77242235
2824 24th Street,-122.509362090425,37.77242235
415 Sansome Street,-122.509362090425,37.77242235
3299 Mission Street,-122.509362090425,37.77242235
5298 3rd Street,-122.509362090425,37.77242235
882 Bush Street,-122.509362090425,37.77242235
330 Ritch Street,-122.509362090425,37.77242235
2900 Diamond Street,-122.509362090425,37.77242235
2224 Union Street,-122.509362090425,37.77242235
155 5th Street,-122.509362090425,37.77242235
3723 Mission Street,-122.509362090425,37.77242235
672 Stanyan Street,-122.509362090425,37.77242235
839 Irving Street,-122.509362090425,37.77242235
2545 Ocean Avenue,-122.509362090425,37.77242235
620 Broadway Street,-122.509362090425,37.77242235
754 Post Street,-122.509362090425,37.77242235
1607 Haight Street,-122.448810875,37.769684875
1351 Church Street,-122.448810875,37.769684875
428 11th Street,-122.448810875,37.769684875
2546 San Bruno Avenue,-122.448810875,37.769684875
642 Eddy Street,-122.448810875,37.769684875
701 Randolph Street,-122.448810875,37.769684875
321 West Portal Ave,-122.448810875,37.769684875
775 Frederick Street,-122.448810875,37.769684875
337 Jones Street,-122.448810875,37.769684875
22 4th Street,-122.448810875,37.769684875
890 Taraval Street,-122.448810875,37.769684875
1032 Clement Street,-122.448810875,37.769684875
521 Cortland Avenue,-122.448810875,37.769684875
555 Golden Gate Avenue,-122.448810875,37.769684875
428 11th Street,-122.448810875,37.769684875
790 Bush Street,-122.448810875,37.769684875
4482 Mission Street,-122.448810875,37.769684875
115 Cyril Magnin Street,-122.448810875,37.769684875
423 Burrows Street,-122.448810875,37.769684875
428 11th Street,-122.448810875,37.769684875
1750 Divisadero Street,-122.448810875,37.769684875
881 Post Street,-122.448810875,37.769684875
3319 Mission Street,-122.448810875,37.769684875
253 Kearny Street,-122.448810875,37.769684875
3201 20th Avenue,-122.448810875,37.769684875
3417 18th Street,-122.448810875,37.769684875
320 Geary Street,-122.448810875,37.769684875
100 Gough Street,-122.448810875,37.769684875
801 Font Boulevard,-122.448810875,37.769684875
865 Market Street,-122.448810875,37.769684875
130 Clement Street,-122.448810875,37.769684875
401 Cortland Avenue,-122.448810875,37.769684875
1700 Jerrold Avenue,-122.448810875,37.769684875
139 8th Street,-122.448810875,37.769684875
303 Columbus Avenue,-122.448810875,37.769684875
91 Drumm Street,-122.448810875,37.769684875
1509 Sloat Boulevard,-122.448810875,37.769684875
1217 Geneva Avenue,-122.448810875,37.769684875
1979 Union Street,-122.448810875,37.769684875
1111 California Street,-122.448810875,37.769684875
198 Gough Street,-122.448810875,37.769684875
24 Willie Mays Plaza,-122.448810875,37.769684875
240 Ritch Street,-122.448810875,37.769684875
242 O'Farrell Street,-122.448810875,37.769684875
2340 Polk Street,-122.448810875,37.769684875
1177 California Street,-122.448810875,37.769684875
2080 Chestnut Street,-122.448810875,37.769684875
1131 Stockton Street,-122.448810875,37.769684875
827 Sacramento Street,-122.448810875,37.769684875
555 Golden Gate Avenue,-122.448810875,37.769684875
2445 Noriega Street,-122.448810875,37.769684875
1501 Cortland Avenue,-122.448810875,37.769684875
138 Minna Street,-122.448810875,37.769684875
871 Sutter Street,-122.448810875,37.769684875
314 Sutter Street,-122.448810875,37.769684875
25 Leland Avenue,-122.448810875,37.769684875
2247 Market Street,-122.448810875,37.769684875
24 Willie Mays Plaza,-122.448810875,37.769684875
1701 Octavia Street,-122.448810875,37.769684875
200 Clement Street,-122.448810875,37.769684875
789 Mission Street,-122.448810875,37.769684875
201 Pine Street,-122.448810875,37.769684875
3801 Balboa Street,-122.448810875,37.769684875
82 14th Street,-122.448810875,37.769684875
733 Bush Street,-122.448810875,37.769684875
678 Post Street,-122.448810875,37.769684875
428 11th Street,-122.448810875,37.769684875
401 Geary Street,-122.448810875,37.769684875
2249 17th Street,-122.448810875,37.769684875
455 Market Street,-122.448810875,37.769684875
798 Eddy Street,-122.448810875,37.769684875
620 O'Farrell Street,-122.448810875,37.769684875
575 Howard Street,-122.448810875,37.769684875
799 Battery Street,-122.448810875,37.769684875
514 Minna Street,-122.448810875,37.769684875
809 Bush Street,-122.448810875,37.769684875
4097 19th Avenue,-122.448810875,37.769684875
15 Boardman Place,-122.448810875,37.769684875
2997 Folsom Street,-122.448810875,37.769684875
1650 Holloway Avenue,-122.448810875,37.769684875
88 Division Street,-122.448810875,37.769684875
240 Front Street,-122.448810875,37.769684875
405 Mason Street,-122.448810875,37.769684875
3077 24th Street,-122.448810875,37.769684875
2250 Chestnut Street,-122.448810875,37.769684875
1501 Cortland Avenue,-122.448810875,37.769684875
500 504,-122.448810875,37.769684875
65 Leland Avenue,-122.448810875,37.769684875
845 Market Street,-122.448810875,37.769684875
580 Geary Street,-122.448810875,37.769684875
3814 Noriega Street,-122.448810875,37.769684875
680 Folsom Street,-122.448810875,37.769684875
801 Montgomery Street,-122.448810875,37.769684875
1030 Hyde Street,-122.448810875,37.769684875
1355 Market Street,-122.448810875,37.769684875
2138 Irving Street,-122.448810875,37.769684875
3839 Mission Street,-122.448810875,37.769684875
550 Alabama Street,-122.448810875,37.769684875
2348 Polk Street,-122.448810875,37.769684875
1800 Hyde Street,-122.448810875,37.769684875
757 Beach Street,-122.448810875,37.769684875
101 Howard Street,-122.448810875,37.769684875
311 California Street,-122.448810875,37.769684875
2201 Clement Street,-122.448810875,37.769684875
24 Willie Mays Plaza,-122.448810875,37.769684875
522 Jones Street,-122.448810875,37.769684875
1501 Cortland Avenue,-122.448810875,37.769684875
988 Sutter Street,-122.448810875,37.769684875
428 11th Street,-122.448810875,37.769684875
1615 McAllister Street,-122.448810875,37.769684875
689 Folsom Street,-122.448810875,37.769684875
4 Mint Plaza,-122.448810875,37.769684875
101 Post Street,-122.448810875,37.769684875
175 Sutter Street,-122.448810875,37.769684875
646 Kearny Street,-122.448810875,37.769684875
1550 Hyde Street,-122.448810875,37.769684875
1268 Grant Avenue,-122.448810875,37.769684875
301 King Street,-122.448810875,37.769684875
4499 17th Street,-122.448810875,37.769684875
428 11th Street,-122.448810875,37.769684875
900 Stanyan Street,-122.448810875,37.769684875
1520 Fillmore Street,-122.448810875,37.769684875
24 Willie Mays Plaza,-122.448810875,37.769684875
1355 Market Street,-122.448810875,37.769684875
1500 Owens Street,-122.448810875,37.769684875
1314 Noriega Street,-122.448810875,37.769684875
428 11th Street,-122.448810875,37.769684875
24 Willie Mays Plaza,-122.448810875,37.769684875
555 Tompkins Avenue,-122.448810875,37.769684875
716 Jackson Street,-122.448810875,37.769684875
577 Geary Street,-122.448810875,37.769684875
24 Willie Mays Plaza,-122.448810875,37.769684875
24 Willie Mays Plaza,-122.448810875,37.769684875
2036 Lombard Street,-122.448810875,37.769684875
151 Union Street,-122.448810875,37.769684875
1079 Lombard Street,-122.448810875,37.769684875
1416 Haight Street,-122.448810875,37.769684875
142 Minna Street,-122.448810875,37.769684875
1508 Taraval Street,-122.448810875,37.769684875
133 Waverly Place,-122.448810875,37.769684875
1054 Taraval Street,-122.448810875,37.769684875
428 11th Street,-122.448810875,37.769684875
3416 Balboa Street,-122.448810875,37.769684875
1935 Taraval Street,-122.448810875,37.769684875
5125 Mission Street,-122.448810875,37.769684875
1950 Page Street,-122.448810875,37.769684875
55 Schwerin Street,-122.448810875,37.769684875
120 Green Street,-122.448810875,37.769684875
905 California Street,-122.448810875,37.769684875
239 Powell Street,-122.448810875,37.769684875
701 Union Street,-122.448810875,37.769684875
295 Eddy Street,-122.448810875,37.769684875
653 Clay Street,-122.448810875,37.769684875
1605 Polk Street,-122.448810875,37.769684875
1122 Post Street,-122.448810875,37.769684875
2401 Mission Street,-122.448810875,37.769684875
3500 22nd Street,-122.448810875,37.769684875
2701 20th Street,-122.448810875,37.769684875
451 Gough Street,-122.448810875,37.769684875
2250 Keith Street,-122.448810875,37.769684875
1079 Lombard Street,-122.448810875,37.769684875
87 McAllister Street,-122.448810875,37.769684875
640 Jackson Street,-122.448810875,37.769684875
736 Clement Street,-122.448810875,37.769684875
167 Leland Avenue,-122.448810875,37.769684875
24 Willie Mays Plaza,-122.448810875,37.769684875
501 Geary Street,-122.448810875,37.769684875
431 Eddy Street,-122.448810875,37.769684875
2499 San Bruno Avenue,-122.448810875,37.769684875
298 King Street,-122.448810875,37.769684875
360 Jessie Street,-122.448810875,37.769684875
1314 Ocean Avenue,-122.448810875,37.769684875
4787 Mission Street,-122.448810875,37.769684875
4007 24th Street,-122.448810875,37.769684875
101 Bayshore Boulevard,-122.448810875,37.769684875
1042 Larkin Street,-122.448810875,37.769684875
414 Columbus Avenue,-122.448810875,37.769684875
135 4th Street,-122.448810875,37.769684875
370 14th Street,-122.448810875,37.769684875
1353 Taraval Street,-122.448810875,37.769684875
1650 Holloway Avenue,-122.448810875,37.769684875
3200 Fillmore Street,-122.448810875,37.769684875
705 Divisadero Street,-122.448810875,37.769684875
1365 Stockton Street,-122.448810875,37.769684875
835 Larkin Street,-122.448810875,37.769684875
66 Raymond Avenue,-122.448810875,37.769684875
55 Stevenson Street,-122.448810875,37.769684875
550 Geary Street,-122.448810875,37.769684875
3898 24th Street,-122.448810875,37.769684875
937 Taraval Street,-122.448810875,37.769684875
2522 Ocean Avenue,-122.448810875,37.769684875
507 Divisadero Street,-122.448810875,37.769684875
940 Market Street,-122.448810875,37.769684875
2794 Diamond Street,-122.448810875,37.769684875
2032 Polk Street,-122.448810875,37.769684875
530 Parnassus Avenue,-122.448810875,37.769684875
1582 Folsom Street,-122.448810875,37.769684875
690 Folsom Street,-122.448810875,37.769684875
1507 Sloat Boulevard,-122.448810875,37.769684875
785 Sunnydale Avenue,-122.448810875,37.769684875
1823 Clement Street,-122.448810875,37.769684875
2555 Judah Street,-122.448810875,37.769684875
3643 Balboa Street,-122.448810875,37.769684875
1515 Sloat Boulevard,-122.448810875,37.769684875
981 Mission Street,-122.448810875,37.769684875
350 Powell Street,-122.448810875,37.769684875
2221 Clement Street,-122.448810875,37.769684875
2237 Polk Street,-122.448810875,37.769684875
611 Larkin Street,-122.448810875,37.769684875
1417 Valencia Street,-122.448810875,37.769684875
1713 Taraval Street,-122.448810875,37.769684875
375 Taylor Street,-122.448810875,37.769684875
2255 Polk Street,-122.448810875,37.769684875
1 Mint Plaza,-122.448810875,37.769684875
171 2nd Street,-122.448810875,37.769684875
266 King Street,-122.448810875,37.769684875
298 Pacific Avenue,-122.448810875,37.769684875
2450 Clement Street,-122.448810875,37.769684875
1251 Turk Street,-122.448810875,37.769684875
343 Clement Street,-122.448810875,37.769684875
2 The Embarcadero,-122.448810875,37.769684875
800 Greenwich Street,-122.448810875,37.769684875
4042 24th Street,-122.448810875,37.769684875
1250 Ocean Avenue,-122.448810875,37.769684875
2937 Mission Street,-122.448810875,37.769684875
3232 16th Street,-122.448810875,37.769684875
1343 Powell Street,-122.448810875,37.769684875
2277 Shafter Avenue,-122.448810875,37.769684875
68 West Portal Ave,-122.448810875,37.769684875
531 Divisadero Street,-122.448810875,37.769684875
2300 Polk Street,-122.448810875,37.769684875
150 Otis Street,-122.448810875,37.769684875
140 Turk Street,-122.448810875,37.769684875
121 Golden Gate Avenue,-122.448810875,37.769684875
1098 Jackson Street,-122.448810875,37.769684875
2274 Lombard Street,-122.448810875,37.769684875
1127 Market Street,-122.448810875,37.769684875
725 Columbus Avenue,-122.448810875,37.769684875
644 Mission Street,-122.448810875,37.769684875
707 Sutter Street,-122.448810875,37.769684875
3781 Mission Street,-122.448810875,37.769684875
4769 Mission Street,-122.448810875,37.769684875
1199 South Van Ness Avenue,-122.448810875,37.769684875
601 19th Street,-122.448810875,37.769684875
611 Post Street,-122.448810875,37.769684875
1900 Geary Boulevard,-122.448810875,37.769684875
428 11th Street,-122.448810875,37.769684875
655 Larkin Street,-122.448810875,37.769684875
736 Divisadero Street,-122.448810875,37.769684875
1335 Webster Street,-122.448810875,37.769684875
1075 Sutter Street,-122.448810875,37.769684875
422 Geary Street,-122.448810875,37.769684875
2048 Taraval Street,-122.448810875,37.769684875
1331 Polk Street,-122.448810875,37.769684875
2809 Taylor Street,-122.448810875,37.769684875
969 Market Street,-122.448810875,37.769684875
301 Turk Street,-122.448810875,37.769684875
239 Clement Street,-122.448810875,37.769684875
1820 Clement Street,-122.448810875,37.769684875
4935 Mission Street,-122.448810875,37.769684875
1409 Polk Street,-122.448810875,37.769684875
730 Howard Street,-122.448810875,37.769684875
2 New Montgomery Street,-122.448810875,37.769684875
5080 Mission Street,-122.448810875,37.769684875
260 Kearny Street,-122.448810875,37.769684875
469 Castro Street,-122.448810875,37.769684875
1030 Irving Street,-122.448810875,37.769684875
1270 Valencia Street,-122.448810875,37.769684875
300 De Haro Street,-122.448810875,37.769684875
2101 Lombard Street,-122.448810875,37.769684875
1356 Polk Street,-122.448810875,37.769684875
705 Geary Street,-122.448810875,37.769684875
201 Jones Street,-122.448810875,37.769684875
329 Kearny Street,-122.448810875,37.769684875
205 Frederick Street,-122.448810875,37.769684875
354 Clement Street,-122.448810875,37.769684875
250 Kearny Street,-122.448810875,37.769684875
1500 Hyde Street,-122.448810875,37.769684875
1599 Howard Street,-122.448810875,37.769684875
1101 Fairfax Avenue,-122.448810875,37.769684875
2200 Bryant Street,-122.448810875,37.769684875
1051 Taylor Street,-122.448810875,37.769684875
710 Commercial Street,-122.448810875,37.769684875
428 11th Street,-122.448810875,37.769684875
221 Sansome Street,-122.448810875,37.769684875
951 Irving Street,-122.448810875,37.769684875
685 Harrison Street,-122.448810875,37.769684875
110 Leland Avenue,-122.448810875,37.769684875
180 Spear Street,-122.448810875,37.769684875
3600 Taraval Street,-122.448810875,37.769684875
814 Irving Street,-122.448810875,37.769684875
126 Sutter Street,-122.448810875,37.769684875
1101 Geary Boulevard,-122.448810875,37.769684875
236 King Street,-122.448810875,37.769684875
8 Mission Street,-122.448810875,37.769684875
2770 Taylor Street,-122.448810875,37.769684875
1200 Mason Street,-122.448810875,37.769684875
4 The Embarcadero,-122.448810875,37.769684875
301 Battery Street,-122.448810875,37.769684875
5100 Geary Boulevard,-122.448810875,37.769684875
98 Judah Street,-122.448810875,37.769684875
927 Post Street,-122.448810875,37.769684875
1 Bush Street,-122.448810875,37.769684875
3251 20th Avenue,-122.448810875,37.769684875
37 Yerba Buena Lane,-122.448810875,37.769684875
969 Sutter Street,-122.448810875,37.769684875
1753 Carroll Avenue,-122.448810875,37.769684875
418 Larkin Street,-122.448810875,37.769684875
217 King Street,-122.448810875,37.769684875
711 Market Street,-122.448810875,37.769684875
2948 Folsom Street,-122.448810875,37.769684875
564 Market Street,-122.448810875,37.769684875
609 Ellis Street,-122.448810875,37.769684875
1 Bush Street,-122.448810875,37.769684875
672 Geary Street,-122.448810875,37.769684875
2101 21st Avenue,-122.448810875,37.769684875
429 Stockton Street,-122.448810875,37.769684875
428 11th Street,-122.448810875,37.769684875
1001 Guerrero Street,-122.448810875,37.769684875
2157 Polk Street,-122.448810875,37.769684875
2801 Jennings Street,-122.448810875,37.769684875
3010 20th Street,-122.448810875,37.769684875
3161 24th Street,-122.448810875,37.769684875
308 Kearny Street,-122.448810875,37.769684875
1594 Market Street,-122.448810875,37.769684875
1226 Stockton Street,-122.448810875,37.769684875
3565 20th Street,-122.448810875,37.769684875
555 Taraval Street,-122.448810875,37.769684875
2801 California Street,-122.448810875,37.769684875
3435 Mission Street,-122.448810875,37.769684875
3251 20th Avenue,-122.448810875,37.769684875
996 Pine Street,-122.448810875,37.769684875
1216 Stockton Street,-122.448810875,37.769684875
2 Marina Boulevard,-122.448810875,37.769684875
1079 Lombard Street,-122.448810875,37.769684875
3108 Fillmore Street,-122.448810875,37.769684875
2030 Union Street,-122.448810875,37.769684875
2165 Union Street,-122.448810875,37.769684875
719 14th Street,-122.448810875,37.769684875
1300 Dolores Street,-122.448810875,37.769684875
1813 Fulton Street,-122.448810875,37.769684875
100 Post Street,-122.448810875,37.769684875
345 Stockton Street,-122.448810875,37.769684875
2406 19th Avenue,-122.448810875,37.769684875
411 Sansome Street,-122.448810875,37.769684875
1114 Bryant Street,-122.448810875,37.769684875
24 Willie Mays Plaza,-122.448810875,37.769684875
420 Montgomery Street,-122.448810875,37.769684875
839 Clay Street,-122.448810875,37.769684875
638 Broadway Street,-122.448810875,37.769684875
1443 Lombard Street,-122.448810875,37.769684875
1499 Valencia Street,-122.448810875,37.769684875
3157 Geary Boulevard,-122.448810875,37.769684875
2531 San Bruno Avenue,-122.448810875,37.769684875
237 Ellis Street,-122.448810875,37.769684875
1042 Polk Street,-122.448810875,37.769684875
605 Kearny Street,-122.448810875,37.769684875
501 Fell Street,-122.448810875,37.769684875
121 Spear Street,-122.448810875,37.769684875
1700 Owens Street,-122.448810875,37.769684875
925 Market Street,-122.448810875,37.769684875
24 Willie Mays Plaza,-122.448810875,37.769684875
1785 Fulton Street,-122.448810875,37.769684875
1849 Union Street,-122.448810875,37.769684875
75 1st Street,-122.448810875,37.769684875
508 Castro Street,-122.448810875,37.769684875
50 California Street,-122.448810875,37.769684875
3100 16th Street,-122.448810875,37.769684875
1522 Fillmore Street,-122.448810875,37.769684875
658 Market Street,-122.448810875,37.769684875
667 Monterey Boulevard,-122.448810875,37.769684875
300 Jefferson Street,-122.448810875,37.769684875
335 Noe Street,-122.448810875,37.769684875
319 Bayshore Boulevard,-122.448810875,37.769684875
108 Carl Street,-122.448810875,37.769684875
1145 Market Street,-122.448810875,37.769684875
290 Townsend Street,-122.448810875,37.769684875
674 Sacramento Street,-122.448810875,37.769684875
1123 Folsom Street,-122.448810875,37.769684875
493 Pine Street,-122.448810875,37.769684875
420 Montgomery Street,-122.448810875,37.769684875
203 Folsom Street,-122.448810875,37.769684875
1754 Polk Street,-122.448810875,37.769684875
270 5th Street,-122.448810875,37.769684875
734 La Playa Street,-122.5099813,37.7746045
750 Ellis Street,-122.5099813,37.7746045
2120 Greenwich Street,-122.5099813,37.7746045
370 Golden Gate Avenue,-122.5099813,37.7746045
1426 Fillmore Street,-122.5099813,37.7746045
3104 24th Street,-122.5099813,37.7746045
552 Jones Street,-122.5099813,37.7746045
100 Post Street,-122.5099813,37.7746045
301 South Van Ness Avenue,-122.5099813,37.7746045
298 Market Street,-122.5099813,37.7746045
460 Castro Street,-122.5099813,37.7746045
1727 Haight Street,-122.5099813,37.7746045
24 Willie Mays Plaza,-122.5099813,37.7746045
24 Willie Mays Plaza,-122.5099813,37.7746045
1116 Potrero Avenue,-122.5099813,37.7746045
748 Innes Avenue,-122.5099813,37.7746045
3614 18th Street,-122.5099813,37.7746045
4689 Mission Street,-122.5099813,37.7746045
75 Hawthorne Street,-122.5099813,37.7746045
1453 18th Street,-122.5099813,37.7746045
65 Post Street,-122.5099813,37.7746045
300 Precita Avenue,-122.5099813,37.7746045
842 Geary Street,-122.5099813,37.7746045
1000 Larkin Street,-122.5099813,37.7746045
96 Gough Street,-122.5099813,37.7746045
800 Masonic Avenue,-122.5099813,37.7746045
1777 Steiner Street,-122.5099813,37.7746045
11 Division Street,-122.5099813,37.7746045
1275 Market Street,-122.5099813,37.7746045
201 Mission Street,-122.5099813,37.7746045
2815 California Street,-122.5099813,37.7746045
24 Willie Mays Plaza,-122.5099813,37.7746045
2827 California Street,-122.5099813,37.7746045
428 11th Street,-122.5099813,37.7746045
132 6th Street,-122.5099813,37.7746045
90 New Montgomery Street,-122.5099813,37.7746045
4587 Mission Street,-122.5099813,37.7746045
2675 Geary Boulevard,-122.5099813,37.7746045
4845 Mission Street,-122.5099813,37.7746045
500 Parnassus Avenue,-122.5099813,37.7746045
1234 Polk Street,-122.5099813,37.7746045
2943 Mission Street,-122.5099813,37.7746045
10 4th Street,-122.5099813,37.7746045
64 6th Street,-122.5099813,37.7746045
2500 Noriega Street,-122.5099813,37.7746045
361 West Portal Ave,-122.5099813,37.7746045
1000 Stockton Street,-122.5099813,37.7746045
2428 San Bruno Avenue,-122.5099813,37.7746045
1325 9th Avenue,-122.5099813,37.7746045
1668 Haight Street,-122.449846176471,37.76972
1 Polk Street,-122.449846176471,37.76972
1727 Haight Street,-122.449846176471,37.76972
24 Willie Mays Plaza,-122.449846176471,37.76972
1142 Grant Avenue,-122.449846176471,37.76972
24 Willie Mays Plaza,-122.449846176471,37.76972
99 Grove Street,-122.449846176471,37.76972
418 Beach Street,-122.449846176471,37.76972
3515 20th Street,-122.449846176471,37.76972
2200 Mason Street,-122.449846176471,37.76972
1016 Bryant Street,-122.449846176471,37.76972
88 Hardie Place,-122.449846176471,37.76972
560 Balboa Street,-122.449846176471,37.76972
2598 Harrison Street,-122.449846176471,37.76972
1330 9th Avenue,-122.449846176471,37.76972
494 Haight Street,-122.449846176471,37.76972
5 Masonic Avenue,-122.449846176471,37.76972
1009 Guerrero Street,-122.449846176471,37.76972
250 Beach Street,-122.449846176471,37.76972
4542 Irving Street,-122.449846176471,37.76972
298 Market Street,-122.449846176471,37.76972
24 Willie Mays Plaza,-122.449846176471,37.76972
1501 Folsom Street,-122.449846176471,37.76972
574 Green Street,-122.449846176471,37.76972
381 South Van Ness Avenue,-122.449846176471,37.76972
711 Geary Street,-122.449846176471,37.76972
622 Jackson Street,-122.449846176471,37.76972
525 Market Street,-122.449846176471,37.76972
272 Claremont Boulevard,-122.449846176471,37.76972
524 Castro Street,-122.449846176471,37.76972
1563 Page Street,-122.449846176471,37.76972
121 7th Street,-122.449846176471,37.76972
1503 15th Street,-122.449846176471,37.76972
1635 Divisadero Street,-122.449846176471,37.76972
1290 9th Avenue,-122.449846176471,37.76972
24 Willie Mays Plaza,-122.449846176471,37.76972
347 Presidio Avenue,-122.449846176471,37.76972
533 Jones Street,-122.449846176471,37.76972
1977 Union Street,-122.449846176471,37.76972
1727 Haight Street,-122.449846176471,37.76972
152 Kearny Street,-122.449846176471,37.76972
645 Larkin Street,-122.449846176471,37.76972
1336 Grant Avenue,-122.449846176471,37.76972
1305 Castro Street,-122.449846176471,37.76972
1639 Oak Street,-122.449846176471,37.76972
1132 Valencia Street,-122.449846176471,37.76972
4401 18th Street,-122.449846176471,37.76972
752 Grant Avenue,-122.449846176471,37.76972
145 Jefferson Street,-122.449846176471,37.76972
1020 Market Street,-122.449846176471,37.76972
24 Willie Mays Plaza,-122.449846176471,37.76972
3004 San Bruno Avenue,-122.449846176471,37.76972
49 Kearny Street,-122.449846176471,37.76972
852 Clement Street,-122.449846176471,37.76972
2406 Bryant Street,-122.449846176471,37.76972
2594 Oakdale Avenue,-122.449846176471,37.76972
901 Rankin Street,-122.449846176471,37.76972
451 Castro Street,-122.449846176471,37.76972
598 Market Street,-122.449846176471,37.76972
313 Ivy Street,-122.449846176471,37.76972
1428 Polk Street,-122.449846176471,37.76972
2365 Chestnut Street,-122.449846176471,37.76972
1549 Polk Street,-122.449846176471,37.76972
3251 20th Avenue,-122.449846176471,37.76972
318 Kearny Street,-122.449846176471,37.76972
2124 Folsom Street,-122.449846176471,37.76972
316 11th Street,-122.449846176471,37.76972
993 North Point Street,-122.449846176471,37.76972
4058 18th Street,-122.449846176471,37.76972
1801 Haight Street,-122.449846176471,37.76972
2298 Market Street,-122.449846176471,37.76972
24 Willie Mays Plaza,-122.449846176471,37.76972
24 Willie Mays Plaza,-122.449846176471,37.76972
24 Willie Mays Plaza,-122.449846176471,37.76972
950 Mason Street,-122.449846176471,37.76972
950 Mason Street,-122.449846176471,37.76972
728 Vallejo Street,-122.449846176471,37.76972
673 Portola Drive,-122.449846176471,37.76972
601 Larkin Street,-122.449846176471,37.76972
2901 Mission Street,-122.449846176471,37.76972
55 Stockton Street,-122.449846176471,37.76972
2127 Polk Street,-122.449846176471,37.76972
737 Portola Drive,-122.449846176471,37.76972
1550 Church Street,-122.449846176471,37.76972
138 Cyril Magnin Street,-122.449846176471,37.76972
2018 Clement Street,-122.449846176471,37.76972
584 Washington Street,-122.449846176471,37.76972
773 Market Street,-122.449846176471,37.76972
2726 San Bruno Avenue,-122.449846176471,37.76972
103 Waverly Place,-122.449846176471,37.76972
6 Monterey Boulevard,-122.449846176471,37.76972
2315 Clement Street,-122.449846176471,37.76972
755 Portola Drive,-122.449846176471,37.76972
101 Spear Street,-122.449846176471,37.76972
3913 24th Street,-122.449846176471,37.76972
1315 Noriega Street,-122.449846176471,37.76972
71 5th Street,-122.449846176471,37.76972
4416 18th Street,-122.449846176471,37.76972
572 O'Farrell Street,-122.449846176471,37.76972
333 Jefferson Street,-122.449846176471,37.76972
499 Douglass Street,-122.449846176471,37.76972
1318 Grant Avenue,-122.449846176471,37.76972
600 Polk Street,-122.449846176471,37.76972
3465 19th Street,-122.449846176471,37.76972
2948 Folsom Street,-122.449846176471,37.76972
236 Townsend Street,-122.449846176471,37.76972
531 Jackson Street,-122.449846176471,37.76972
501 Clement Street,-122.449846176471,37.76972
555 Folsom Street,-122.449846176471,37.76972
2077 Hayes Street,-122.449846176471,37.76972
650 Jackson Street,-122.449846176471,37.76972
100 Larkin Street,-122.449846176471,37.76972
2684 San Bruno Avenue,-122.449846176471,37.76972
815 Clement Street,-122.449846176471,37.76972
4827 Mission Street,-122.449846176471,37.76972
3699 17th Street,-122.449846176471,37.76972
139 Steuart Street,-122.449846176471,37.76972
229 Columbus Avenue,-122.449846176471,37.76972
28 Waverly Place,-122.449846176471,37.76972
1509 Haight Street,-122.44718022449,37.7698930408163
1681 Church Street,-122.44718022449,37.7698930408163
1002 16th Street,-122.44718022449,37.7698930408163
24 Willie Mays Plaza,-122.44718022449,37.7698930408163
602 Mission Street,-122.44718022449,37.7698930408163
1217 Sutter Street,-122.44718022449,37.7698930408163
155 Montgomery Street,-122.44718022449,37.7698930408163
2014 Market Street,-122.44718022449,37.7698930408163
645 Clay Street,-122.44718022449,37.7698930408163
500 Brannan Street,-122.44718022449,37.7698930408163
240 Kearny Street,-122.44718022449,37.7698930408163
762 Divisadero Street,-122.44718022449,37.7698930408163
3801 17th Street,-122.44718022449,37.7698930408163
407 Castro Street,-122.44718022449,37.7698930408163
402 Balboa Street,-122.44718022449,37.7698930408163
74 New Montgomery Street,-122.44718022449,37.7698930408163
2828 Jones Street,-122.44718022449,37.7698930408163
400 Eddy Street,-122.44718022449,37.7698930408163
480 6th Street,-122.44718022449,37.7698930408163
3566 20th Street,-122.44718022449,37.7698930408163
64 14th Street,-122.44718022449,37.7698930408163
235 Front Street,-122.44718022449,37.7698930408163
601 Mission Bay Boulevard North,-122.44718022449,37.7698930408163
1550 Howard Street,-122.44718022449,37.7698930408163
730 Stanyan Street,-122.44718022449,37.7698930408163
659 Merchant Street,-122.44718022449,37.7698930408163
601 Mission Bay Boulevard North,-122.44718022449,37.7698930408163
44 Tehama Street,-122.44718022449,37.7698930408163
1070 South Van Ness Avenue,-122.44718022449,37.7698930408163
807 Ellis Street,-122.44718022449,37.7698930408163
1516 Folsom Street,-122.44718022449,37.7698930408163
1400 Sutter Street,-122.44718022449,37.7698930408163
115 Sansome Street,-122.44718022449,37.7698930408163
650 California Street,-122.44718022449,37.7698930408163
678 Chenery Street,-122.44718022449,37.7698930408163
2850 21st Street,-122.44718022449,37.7698930408163
2436 Polk Street,-122.44718022449,37.7698930408163
533 Jackson Street,-122.44718022449,37.7698930408163
320 3rd Street,-122.44718022449,37.7698930408163
426 Larkin Street,-122.44718022449,37.7698930408163
1684 Bryant Street,-122.44718022449,37.7698930408163
747 South Van Ness Avenue,-122.44718022449,37.7698930408163
401 Irving Street,-122.44718022449,37.7698930408163
2639 24th Street,-122.44718022449,37.7698930408163
225 Powell Street,-122.44718022449,37.7698930408163
127 Eddy Street,-122.44718022449,37.7698930408163
2424 Van Ness Avenue,-122.44718022449,37.7698930408163
498 Sanchez Street,-122.44718022449,37.7698930408163
2537 24th Street,-122.44718022449,37.7698930408163
333 Brannan Street,-122.44718022449,37.7698930408163
800 South Van Ness Avenue,-122.44718022449,37.7698930408163
115 New Montgomery Street,-122.44718022449,37.7698930408163
2666 Ocean Avenue,-122.44718022449,37.7698930408163
1020 Valencia Street,-122.44718022449,37.7698930408163
24 Willie Mays Plaza,-122.44718022449,37.7698930408163
648 Bush Street,-122.44718022449,37.7698930408163
599 O'Farrell Street,-122.44718022449,37.7698930408163
425 2nd Street,-122.44718022449,37.7698930408163
587 Post Street,-122.44718022449,37.7698930408163
428 11th Street,-122.44718022449,37.7698930408163
945 Sacramento Street,-122.44718022449,37.7698930408163
1900 Folsom Street,-122.44718022449,37.7698930408163
384 Hayes Street,-122.44718022449,37.7698930408163
992 Market Street,-122.44718022449,37.7698930408163
3106 16th Street,-122.44718022449,37.7698930408163
609 Market Street,-122.44718022449,37.7698930408163
83 9th Street,-122.44718022449,37.7698930408163
18 Boardman Place,-122.44718022449,37.7698930408163
365 11th Street,-122.44718022449,37.7698930408163
235 Montgomery Street,-122.44718022449,37.7698930408163
633 Folsom Street,-122.44718022449,37.7698930408163
409 Illinois Street,-122.44718022449,37.7698930408163
308 Columbus Avenue,-122.44718022449,37.7698930408163
870 Market Street,-122.44718022449,37.7698930408163
428 11th Street,-122.44718022449,37.7698930408163
69 Bluxome Street,-122.44718022449,37.7698930408163
2675 Geary Boulevard,-122.44718022449,37.7698930408163
24 Willie Mays Plaza,-122.44718022449,37.7698930408163
24 Willie Mays Plaza,-122.44718022449,37.7698930408163
428 11th Street,-122.44718022449,37.7698930408163
550 Divisadero Street,-122.44718022449,37.7698930408163
800 South Van Ness Avenue,-122.44718022449,37.7698930408163
2109 Chestnut Street,-122.44718022449,37.7698930408163
1345 South Van Ness Avenue,-122.44718022449,37.7698930408163
637 Larkin Street,-122.44718022449,37.7698930408163
2501 Phelps Street,-122.44718022449,37.7698930408163
1601 Lane Street,-122.44718022449,37.7698930408163
655 Montgomery Street,-122.44718022449,37.7698930408163
50 California Street,-122.44718022449,37.7698930408163
1765 California Street,-122.44718022449,37.7698930408163
135 Powell Street,-122.44718022449,37.7698930408163
1485 Yosemite Avenue,-122.44718022449,37.7698930408163
257 3rd Street,-122.44718022449,37.7698930408163
337 Kearny Street,-122.44718022449,37.7698930408163
1634 Bush Street,-122.44718022449,37.7698930408163
1101 Potrero Avenue,-122.44718022449,37.7698930408163
1155 Folsom Street,-122.44718022449,37.7698930408163
2730 21st Street,-122.44718022449,37.7698930408163
428 11th Street,-122.44718022449,37.7698930408163
2960 Clement Street,-122.44718022449,37.7698930408163
2078 Hayes Street,-122.44718022449,37.7698930408163
1494 California Street,-122.44718022449,37.7698930408163
428 11th Street,-122.44718022449,37.7698930408163
2948 Folsom Street,-122.44718022449,37.7698930408163
2948 Folsom Street,-122.44718022449,37.7698930408163
25 Maiden Lane,-122.44718022449,37.7698930408163
721 Lincoln Way,-122.44718022449,37.7698930408163
301 Executive Park Boulevard,-122.44718022449,37.7698930408163
160 14th Street,-122.44718022449,37.7698930408163
1566 Carroll Avenue,-122.44718022449,37.7698930408163
1014 Clement Street,-122.44718022449,37.7698930408163
151 3rd Street,-122.44718022449,37.7698930408163
601 Mission Bay Boulevard North,-122.44718022449,37.7698930408163
651 Brannan Street,-122.44718022449,37.7698930408163
2181 Irving Street,-122.44718022449,37.7698930408163
24 Willie Mays Plaza,-122.44718022449,37.7698930408163
854 Geary Street,-122.44718022449,37.7698930408163
670 Commercial Street,-122.44718022449,37.7698930408163
983 Valencia Street,-122.44718022449,37.7698930408163
125 3rd Street,-122.44718022449,37.7698930408163
2948 Folsom Street,-122.44718022449,37.7698930408163
496 Beach Street,-122.44718022449,37.7698930408163
1708 Irving Street,-122.44718022449,37.7698930408163
2205 Clement Street,-122.44718022449,37.7698930408163
2191 Union Street,-122.44718022449,37.7698930408163
409 Illinois Street,-122.44718022449,37.7698930408163
3287 21st Street,-122.44718022449,37.7698930408163
200 Pine Street,-122.44718022449,37.7698930408163
428 11th Street,-122.44718022449,37.7698930408163
245 Market Street,-122.44718022449,37.7698930408163
600 York Street,-122.44718022449,37.7698930408163
1 Kearny Street,-122.44718022449,37.7698930408163
24 Willie Mays Plaza,-122.44718022449,37.7698930408163
452 Balboa Street,-122.44718022449,37.7698930408163
670 Broadway Street,-122.44718022449,37.7698930408163
154 McAllister Street,-122.44718022449,37.7698930408163
3501 Mission Street,-122.44718022449,37.7698930408163
1247 Stockton Street,-122.44718022449,37.7698930408163
242 Gough Street,-122.44718022449,37.7698930408163
2 New Montgomery Street,-122.44718022449,37.7698930408163
57 Columbus Avenue,-122.44718022449,37.7698930408163
167 Leland Avenue,-122.44718022449,37.7698930408163
1706 Church Street,-122.44718022449,37.7698930408163
1 Front Street,-122.44718022449,37.7698930408163
1040 Revere Avenue,-122.44718022449,37.7698930408163
428 11th Street,-122.44718022449,37.7698930408163
855 Bush Street,-122.44718022449,37.7698930408163
1530 Haight Street,-122.447587675656,37.77020915
50 Phelan Avenue,-122.447587675656,37.77020915
1801 Clement Street,-122.447587675656,37.77020915
28 6th Street,-122.447587675656,37.77020915
3406 26th Street,-122.447587675656,37.77020915
3359 26th Street,-122.447587675656,37.77020915
3338 24th Street,-122.447587675656,37.77020915
449 Castro Street,-122.447587675656,37.77020915
1220 Polk Street,-122.447587675656,37.77020915
2962 24th Street,-122.447587675656,37.77020915
2201 Union Street,-122.447587675656,37.77020915
222 Battery Street,-122.447587675656,37.77020915
650 Gough Street,-122.447587675656,37.77020915
1409 Sutter Street,-122.447587675656,37.77020915
5170 Mission Street,-122.447587675656,37.77020915
685 Market Street,-122.447587675656,37.77020915
2216 Polk Street,-122.447587675656,37.77020915
2257 Mason Street,-122.447587675656,37.77020915
2891 San Bruno Avenue,-122.447587675656,37.77020915
1155 Battery Street,-122.447587675656,37.77020915
687 Geary Street,-122.447587675656,37.77020915
3605 Balboa Street,-122.447587675656,37.77020915
