Off The Grid SF CA,-122.4314265,37.806651
2301 Market St SF CA,-122.3987948,37.7913412
2740 Mission St SF CA,-122.4291725,37.7308875
2348 Mission Street SF CA,-122.4291725,37.7308875
5937 Geary Blvd SF CA,-122.4255764,37.7851991
200 Columbus St SF CA,-122.4088136,37.7994755
977 A North Point St SF CA,-122.423183959184,37.8052633877551
1548 Ocean Ave SF CA,-122.4514762,37.7229098
2331 Chestnut St SF CA,-122.441710636423,37.79976935
2404 California St SF CA,-122.3975149,37.7935273
5601 Geary Blvd SF CA,-122.4255764,37.7851991
401 13th St SF CA,-122.4176974,37.7698728
2794 California St SF CA,-122.3975149,37.7935273
1919 Ocean Ave SF CA,-122.4514762,37.7229098
3985 17th St SF CA,-122.409393,37.764369
295 B Orizaba Ave SF CA,-122.462700111111,37.7141915555556
Off The Grid SF CA,-122.4314265,37.806651
3348 Steiner St SF CA,-122.4376967,37.8003743
2893 Mission St SF CA,-122.4291725,37.7308875
Pier 41 SF CA,-122.4118509,37.8094742
Pier 39  B-4 SF CA,-122.4102693,37.8097913
1019 Market St SF CA,-122.3987948,37.7913412
2848 23rd St SF CA,-122.3977349,37.7548294
561 Columbus Ave SF CA,-122.4117915,37.8014527
31 Cambon Dr SF CA,-122.4741777,37.7161371
5200 Geary Blvd SF CA,-122.4255764,37.7851991
5251 3rd St. SF CA,-122.3980895,37.7179914
4419 California St SF CA,-122.3975149,37.7935273
Off the Grid SF CA,-122.4314265,37.806651
